"","Type","Sum"
"2","1emnp",3
"7","1emnp",2
"8","1emnp",1
"9","1emnp",3
"12","1emnp",2
"14","1emnp",38
"17","1emnp",1
"18","1emnp",1
"19","1emnp",22
"20","1emnp",52
"23","1emnp",1
"24","1emnp",1
"26","1emnp",21
"28","1emnp",33
"32","1emnp",15
"34","1emnp",1
"35","1emnp",1
"36","1emnp",62
"43","1emnp",1
"44","1emnp",14
"45","1emnp",7
"46","1emnp",7
"48","1emnp",76
"49","1emnp",89
"50","1emnp",2
"53","1emnp",1
"54","1emnp",34
"55","1emnp",1
"57","1emnp",29
"58","1emnp",3
"59","1emnp",43
"60","1emnp",43
"61","1emnp",1
"62","1emnp",1
"64","1emnp",163
"66","1emnp",3
"74","1emnp",4
"77","1emnp",1
"78","1emnp",1
"79","1emnp",14
"82","1emnp",9
"84","1emnp",5
"89","1emnp",5
"92","1emnp",3
"94","1emnp",47
"96","1emnp",2
"98","1emnp",15
"100","1emnp",1
"103","1emnp",1
"107","1emnp",10
"108","1emnp",1
"110","1emnp",3
"113","1emnp",5
"115","1emnp",4
"118","1emnp",27
"119","1emnp",22
"122","1emnp",4
"123","1emnp",2
"1109","1emnp",1
"1110","1emnp",1
"1111","1emnp",20
"1112","1emnp",20
"1113","1emnp",3
"1114","1emnp",5
"1115","1emnp",2
"1116","1emnp",104
"1117","1emnp",1
"1118","1emnp",1
"1119","1emnp",1
"1120","1emnp",1
"1121","1emnp",1
"1122","1emnp",3
"1123","1emnp",1
"1124","1emnp",3
"1125","1emnp",2
"1126","1emnp",1
"1134","1emnp",1
"1135","1emnp",1
"1136","1emnp",1
"1137","1emnp",1
"1138","1emnp",1
"1139","1emnp",4
"1140","1emnp",1
"1143","1emnp",21
"1144","1emnp",6
"1145","1emnp",73
"1146","1emnp",20
"1147","1emnp",20
"1148","1emnp",20
"1149","1emnp",14
"1150","1emnp",14
"1151","1emnp",14
"1152","1emnp",14
"1153","1emnp",14
"1154","1emnp",14
"1155","1emnp",32
"1156","1emnp",28
"1157","1emnp",3
"1158","1emnp",21
"1159","1emnp",1
"1160","1emnp",17
"1161","1emnp",5
"1162","1emnp",19
"1163","1emnp",3
"1164","1emnp",37
"1165","1emnp",8
"1167","1emnp",1
"1168","1emnp",17
"1169","1emnp",16
"1170","1emnp",10
"1171","1emnp",16
"1172","1emnp",3
"1173","1emnp",8
"1174","1emnp",22
"1175","1emnp",6
"1176","1emnp",7
"1181","1emnp",15
"1182","1emnp",6
"1183","1emnp",9
"1184","1emnp",1
"1185","1emnp",1
"1186","1emnp",1
"1187","1emnp",3
"1189","1emnp",11
"1190","1emnp",8
"1191","1emnp",1
"1193","1emnp",2
"1195","1emnp",1
"1196","1emnp",1
"1197","1emnp",1
"1198","1emnp",6
"1199","1emnp",5
"1200","1emnp",5
"1201","1emnp",5
"1202","1emnp",5
"1209","1emnp",2
"1210","1emnp",55
"1211","1emnp",2
"1212","1emnp",8
"1213","1emnp",2
"1214","1emnp",2
"1215","1emnp",2
"1216","1emnp",2
"1217","1emnp",2
"1218","1emnp",2
"1219","1emnp",2
"1220","1emnp",12
"1221","1emnp",8
"1223","1emnp",43
"1224","1emnp",24
"1225","1emnp",2
"1226","1emnp",8
"1227","1emnp",8
"1228","1emnp",8
"1229","1emnp",8
"1230","1emnp",8
"1231","1emnp",3
"1232","1emnp",1
"1233","1emnp",7
"1234","1emnp",1
"1235","1emnp",1
"1236","1emnp",1
"1237","1emnp",1
"1238","1emnp",3
"1239","1emnp",1
"1240","1emnp",3
"1241","1emnp",3
"1242","1emnp",13
"1244","1emnp",3
"1245","1emnp",3
"1246","1emnp",21
"1248","1emnp",2
"1249","1emnp",8
"1250","1emnp",4
"1252","1emnp",3
"1253","1emnp",1
"1254","1emnp",3
"1255","1emnp",3
"1256","1emnp",7
"1257","1emnp",47
"1258","1emnp",3
"1260","1emnp",2
"1261","1emnp",7
"1263","1emnp",26
"1264","1emnp",45
"1265","1emnp",1
"1266","1emnp",14
"1267","1emnp",40
"1268","1emnp",7
"1269","1emnp",7
"1270","1emnp",26
"1271","1emnp",37
"1273","1emnp",14
"1274","1emnp",5
"1276","1emnp",47
"1278","1emnp",3
"1279","1emnp",23
"1280","1emnp",1
"1281","1emnp",16
"1282","1emnp",16
"1283","1emnp",23
"1284","1emnp",23
"1285","1emnp",1
"1286","1emnp",4
"1287","1emnp",3
"1288","1emnp",4
"1289","1emnp",4
"1290","1emnp",3
"1291","1emnp",1
"1292","1emnp",4
"1293","1emnp",7
"1294","1emnp",5
"1295","1emnp",4
"1296","1emnp",4
"1297","1emnp",4
"1298","1emnp",8
"1299","1emnp",4
"1300","1emnp",9
"1301","1emnp",21
"1302","1emnp",21
"1303","1emnp",21
"1304","1emnp",9
"1305","1emnp",4
"1306","1emnp",15
"1307","1emnp",1
"1308","1emnp",1
"1309","1emnp",2
"1310","1emnp",2
"1311","1emnp",2
"1312","1emnp",13
"1313","1emnp",13
"1314","1emnp",13
"1315","1emnp",13
"1316","1emnp",13
"1317","1emnp",13
"1318","1emnp",13
"1319","1emnp",13
"1320","1emnp",13
"1321","1emnp",8
"1322","1emnp",8
"1323","1emnp",8
"1324","1emnp",14
"1325","1emnp",6
"1326","1emnp",6
"1327","1emnp",6
"1328","1emnp",6
"1329","1emnp",6
"1330","1emnp",6
"1331","1emnp",4
"1332","1emnp",3
"1333","1emnp",4
"1334","1emnp",1
"1335","1emnp",4
"1336","1emnp",4
"1337","1emnp",4
"1339","1emnp",9
"1340","1emnp",9
"1342","1emnp",5
"1343","1emnp",5
"1344","1emnp",1
"1345","1emnp",12
"1347","1emnp",3
"1348","1emnp",17
"1349","1emnp",17
"1350","1emnp",17
"1351","1emnp",17
"1352","1emnp",17
"1353","1emnp",17
"1354","1emnp",17
"1355","1emnp",17
"1356","1emnp",17
"1357","1emnp",17
"1358","1emnp",24
"1359","1emnp",7
"1360","1emnp",1
"1361","1emnp",1
"1362","1emnp",4
"1365","1emnp",1
"1372","1emnp",10
"1373","1emnp",1
"1374","1emnp",5
"1375","1emnp",9
"1376","1emnp",9
"1377","1emnp",9
"1378","1emnp",1
"1379","1emnp",9
"1380","1emnp",5
"1381","1emnp",5
"1382","1emnp",1
"1387","1emnp",29
"1388","1emnp",29
"1389","1emnp",29
"1390","1emnp",29
"1391","1emnp",1
"1392","1emnp",1
"1393","1emnp",2
"1394","1emnp",1
"1395","1emnp",3
"1396","1emnp",1
"1397","1emnp",1
"1398","1emnp",1
"1399","1emnp",13
"1400","1emnp",1
"1401","1emnp",1
"1402","1emnp",1
"1403","1emnp",1
"1404","1emnp",6
"1405","1emnp",5
"1406","1emnp",5
"1407","1emnp",5
"1408","1emnp",8
"1409","1emnp",6
"1410","1emnp",6
"1411","1emnp",6
"1412","1emnp",1
"1413","1emnp",1
"1421","1emnp",18
"1422","1emnp",2
"1423","1emnp",16
"1424","1emnp",5
"1425","1emnp",6
"1426","1emnp",6
"1427","1emnp",7
"1428","1emnp",2
"1431","1emnp",2
"1432","1emnp",18
"1433","1emnp",5
"1434","1emnp",2
"1435","1emnp",2
"1436","1emnp",1
"1437","1emnp",1
"1438","1emnp",1
"1439","1emnp",2
"1440","1emnp",17
"1441","1emnp",34
"1442","1emnp",24
"1443","1emnp",18
"1444","1emnp",18
"1445","1emnp",18
"1446","1emnp",18
"1447","1emnp",18
"1448","1emnp",17
"1449","1emnp",34
"1450","1emnp",24
"1451","1emnp",18
"1452","1emnp",18
"1453","1emnp",18
"1454","1emnp",18
"1455","1emnp",17
"1456","1emnp",34
"1457","1emnp",24
"1458","1emnp",18
"1459","1emnp",18
"1460","1emnp",18
"1461","1emnp",18
"1462","1emnp",1
"1463","1emnp",6
"1464","1emnp",6
"1465","1emnp",6
"1466","1emnp",6
"1467","1emnp",2
"1468","1emnp",11
"1469","1emnp",4
"1470","1emnp",4
"1471","1emnp",5
"1472","1emnp",4
"1473","1emnp",1
"1474","1emnp",4
"1475","1emnp",1
"1476","1emnp",4
"1477","1emnp",16
"1478","1emnp",32
"1479","1emnp",2
"1480","1emnp",2
"1481","1emnp",1
"1482","1emnp",6
"1483","1emnp",1
"1484","1emnp",13
"1485","1emnp",13
"1486","1emnp",13
"1487","1emnp",13
"1488","1emnp",13
"1489","1emnp",13
"1490","1emnp",13
"1491","1emnp",35
"1494","1emnp",2
"1495","1emnp",4
"1496","1emnp",2
"1497","1emnp",2
"1498","1emnp",2
"1499","1emnp",33
"1500","1emnp",33
"1501","1emnp",2
"1502","1emnp",2
"1503","1emnp",2
"1504","1emnp",2
"1505","1emnp",2
"1506","1emnp",6
"1507","1emnp",2
"1508","1emnp",2
"1509","1emnp",2
"1510","1emnp",2
"1511","1emnp",2
"1512","1emnp",30
"1513","1emnp",51
"1514","1emnp",51
"1515","1emnp",2
"1516","1emnp",2
"1517","1emnp",2
"1518","1emnp",2
"1519","1emnp",4
"1520","1emnp",2
"1521","1emnp",20
"1522","1emnp",2
"1523","1emnp",2
"1524","1emnp",2
"1525","1emnp",2
"1526","1emnp",2
"1527","1emnp",2
"1528","1emnp",2
"1529","1emnp",2
"1530","1emnp",2
"1531","1emnp",2
"1532","1emnp",5
"1533","1emnp",5
"1534","1emnp",46
"1535","1emnp",46
"1536","1emnp",39
"1537","1emnp",30
"1538","1emnp",51
"1539","1emnp",44
"1540","1emnp",44
"1541","1emnp",26
"1542","1emnp",34
"1543","1emnp",34
"1544","1emnp",38
"1545","1emnp",22
"1546","1emnp",30
"1547","1emnp",38
"1549","1emnp",8
"1550","1emnp",3
"1559","1emnp",6
"1560","1emnp",3
"1562","1emnp",1
"1563","1emnp",3
"1564","1emnp",9
"1565","1emnp",1
"1566","1emnp",8
"1567","1emnp",8
"1568","1emnp",8
"1569","1emnp",8
"1570","1emnp",8
"1571","1emnp",4
"1572","1emnp",3
"1574","1emnp",2
"1576","1emnp",3
"1577","1emnp",5
"1578","1emnp",1
"1579","1emnp",1
"1580","1emnp",1
"1583","1emnp",7
"1584","1emnp",7
"1585","1emnp",7
"1587","1emnp",4
"1588","1emnp",1
"1589","1emnp",1
"1591","1emnp",1
"1592","1emnp",3
"1593","1emnp",3
"1594","1emnp",3
"1595","1emnp",3
"1596","1emnp",4
"1597","1emnp",4
"1598","1emnp",3
"1599","1emnp",3
"1600","1emnp",3
"1601","1emnp",3
"1602","1emnp",4
"1603","1emnp",4
"1605","1emnp",1
"1606","1emnp",1
"1608","1emnp",3
"1614","1emnp",1
"1615","1emnp",2
"1617","1emnp",17
"1618","1emnp",2
"1619","1emnp",22
"1620","1emnp",4
"1621","1emnp",4
"1622","1emnp",1
"1623","1emnp",4
"1626","1emnp",22
"1628","1emnp",9
"1634","1emnp",1
"1645","1emnp",2
"1659","1emnp",11
"1660","1emnp",5
"1661","1emnp",2
"1662","1emnp",10
"1667","1emnp",1
"1668","1emnp",1
"1670","1emnp",1
"1671","1emnp",1
"1673","1emnp",6
"1675","1emnp",5
"1676","1emnp",5
"1677","1emnp",1
"1678","1emnp",1
"1679","1emnp",11
"1681","1emnp",7
"1683","1emnp",2
"1684","1emnp",11
"1685","1emnp",11
"1686","1emnp",1
"1687","1emnp",1
"1688","1emnp",7
"1689","1emnp",6
"1690","1emnp",4
"1691","1emnp",14
"1692","1emnp",14
"1693","1emnp",14
"1694","1emnp",14
"1695","1emnp",14
"1696","1emnp",5
"1697","1emnp",7
"1698","1emnp",1
"1702","1emnp",1
"1704","1emnp",1
"1705","1emnp",8
"1706","1emnp",5
"1708","1emnp",2
"1709","1emnp",2
"1710","1emnp",2
"1711","1emnp",8
"1712","1emnp",1
"1713","1emnp",3
"1714","1emnp",8
"1715","1emnp",8
"1716","1emnp",1
"1717","1emnp",2
"1718","1emnp",2
"1719","1emnp",2
"1721","1emnp",2
"1722","1emnp",2
"1723","1emnp",2
"1724","1emnp",6
"1725","1emnp",6
"1726","1emnp",5
"1727","1emnp",2
"1729","1emnp",1
"1730","1emnp",9
"1732","1emnp",1
"1734","1emnp",2
"1736","1emnp",1
"1737","1emnp",3
"1738","1emnp",3
"1739","1emnp",4
"1743","1emnp",2
"1744","1emnp",1
"1745","1emnp",2
"1747","1emnp",5
"1755","1emnp",2
"1757","1emnp",5
"1758","1emnp",2
"1762","1emnp",4
"1763","1emnp",2
"1764","1emnp",1
"1773","1emnp",9
"1774","1emnp",11
"1775","1emnp",11
"1776","1emnp",13
"1777","1emnp",17
"1778","1emnp",5
"1779","1emnp",5
"1780","1emnp",3
"1781","1emnp",3
"1782","1emnp",1
"1783","1emnp",5
"1786","1emnp",4
"1801","1emnp",4
"1813","1emnp",9
"1817","1emnp",2
"1828","1emnp",1
"1830","1emnp",16
"1833","1emnp",15
"1834","1emnp",15
"1835","1emnp",15
"1856","1emnp",1
"1864","1emnp",1
"1889","1emnp",2
"1906","1emnp",1
"1913","1emnp",5
"1915","1emnp",3
"1916","1emnp",3
"1930","1emnp",4
"1931","1emnp",3
"1932","1emnp",3
"1937","1emnp",4
"1938","1emnp",1
"1939","1emnp",1
"1944","1emnp",1
"1945","1emnp",1
"1946","1emnp",1
"1947","1emnp",1
"1948","1emnp",1
"1949","1emnp",1
"1950","1emnp",1
"1951","1emnp",1
"1952","1emnp",1
"1953","1emnp",1
"1954","1emnp",1
"1955","1emnp",1
"1956","1emnp",1
"1957","1emnp",1
"1958","1emnp",1
"1959","1emnp",1
"1961","1emnp",1
"1963","1emnp",1
"1971","1emnp",5
"1972","1emnp",5
"1974","1emnp",1
"1983","1emnp",3
"2000","1emnp",3
"2001","1emnp",1
"2007","1emnp",2
"2016","1emnp",3
"2018","1emnp",3
"2020","1emnp",3
"2028","1emnp",3
"2029","1emnp",3
"2030","1emnp",2
"2037","1emnp",3
"2044","1emnp",2
"2045","1emnp",2
"2055","1emnp",1
"2060","1emnp",4
"2061","1emnp",2
"2072","1emnp",4
"2073","1emnp",8
"2074","1emnp",3
"2075","1emnp",1
"2084","1emnp",1
"2085","1emnp",2
"2086","1emnp",1
"2101","1emnp",2
"2145","2empl",13
"2148","2empl",78
"2149","2empl",69
"2150","2empl",61
"2151","2empl",64
"2152","2empl",12
"2153","2empl",69
"2155","2empl",5
"2156","2empl",10
"2159","2empl",28
"2160","2empl",6
"2162","2empl",9
"2163","2empl",2
"2164","2empl",120
"2165","2empl",85
"2166","2empl",185
"2167","2empl",190
"2168","2empl",2
"2169","2empl",48
"2170","2empl",5
"2171","2empl",14
"2172","2empl",43
"2173","2empl",1
"2174","2empl",10
"2175","2empl",17
"2176","2empl",18
"2177","2empl",1
"2178","2empl",1
"2179","2empl",16
"2181","2empl",59
"2183","2empl",1
"2185","2empl",1
"2188","2empl",3
"2189","2empl",1
"2190","2empl",17
"2191","2empl",12
"2192","2empl",5
"2193","2empl",11
"2194","2empl",15
"2195","2empl",1
"2196","2empl",1
"2201","2empl",1
"2202","2empl",1
"2203","2empl",1
"2204","2empl",3
"2205","2empl",3
"2206","2empl",1
"2207","2empl",3
"2208","2empl",3
"2209","2empl",13
"2210","2empl",7
"2211","2empl",4
"2212","2empl",4
"2214","2empl",1
"2215","2empl",8
"2216","2empl",4
"2217","2empl",6
"2218","2empl",2
"2219","2empl",33
"2220","2empl",33
"2221","2empl",33
"2222","2empl",24
"2223","2empl",24
"2224","2empl",24
"2225","2empl",37
"2226","2empl",37
"2227","2empl",17
"2228","2empl",4
"2229","2empl",22
"2232","2empl",1
"2234","2empl",24
"2235","2empl",18
"2236","2empl",14
"2237","2empl",9
"2238","2empl",11
"2239","2empl",31
"2241","2empl",2
"2242","2empl",7
"2243","2empl",3
"2244","2empl",4
"2245","2empl",19
"2246","2empl",14
"2250","2empl",24
"2251","2empl",24
"2252","2empl",24
"2253","2empl",24
"2254","2empl",24
"2255","2empl",24
"2256","2empl",24
"2257","2empl",24
"2260","2empl",3
"2261","2empl",3
"2262","2empl",3
"2263","2empl",3
"2264","2empl",3
"2265","2empl",10
"2266","2empl",18
"2267","2empl",93
"2268","2empl",93
"2269","2empl",9
"2274","2empl",1
"2278","2empl",2
"2279","2empl",1
"2280","2empl",8
"2282","2empl",22
"2283","2empl",68
"2284","2empl",49
"2286","2empl",1
"2288","2empl",1
"2289","2empl",43
"2290","2empl",58
"2291","2empl",10
"2293","2empl",10
"2294","2empl",9
"2295","2empl",9
"2296","2empl",17
"2298","2empl",285
"2299","2empl",109
"2300","2empl",7
"2301","2empl",10
"2302","2empl",6
"2303","2empl",81
"2304","2empl",5
"2305","2empl",5
"2306","2empl",5
"2307","2empl",3
"2308","2empl",1
"2309","2empl",3
"2310","2empl",27
"2312","2empl",34
"2313","2empl",3
"2314","2empl",3
"2317","2empl",6
"2318","2empl",8
"2320","2empl",1
"2321","2empl",5
"2322","2empl",3
"2324","2empl",19
"2325","2empl",5
"2326","2empl",4
"2327","2empl",4
"2328","2empl",3
"2330","2empl",248
"2335","2empl",4
"2336","2empl",8
"2337","2empl",8
"2338","2empl",56
"2340","2empl",1
"2342","2empl",62
"2343","2empl",62
"2344","2empl",80
"2345","2empl",67
"2346","2empl",105
"2347","2empl",41
"2348","2empl",67
"2349","2empl",77
"2350","2empl",77
"2351","2empl",77
"2352","2empl",77
"2353","2empl",77
"2354","2empl",77
"2355","2empl",37
"2356","2empl",37
"2357","2empl",37
"2358","2empl",37
"2359","2empl",2
"2360","2empl",1
"2361","2empl",2
"2362","2empl",13
"2364","2empl",7
"2365","2empl",37
"2366","2empl",37
"2367","2empl",147
"2368","2empl",15
"2369","2empl",24
"2370","2empl",3
"2371","2empl",8
"2372","2empl",1
"2376","2empl",8
"2377","2empl",3
"2378","2empl",5
"2380","2empl",1
"2381","2empl",9
"2382","2empl",1
"2383","2empl",4
"2385","2empl",4
"2387","2empl",1
"2388","2empl",3
"2389","2empl",3
"2390","2empl",1
"2391","2empl",2
"2392","2empl",1
"2393","2empl",4
"2394","2empl",12
"2395","2empl",9
"2396","2empl",14
"2398","2empl",52
"2399","2empl",47
"2401","2empl",2
"2402","2empl",6
"2403","2empl",2
"2407","2empl",13
"2410","2empl",6
"2411","2empl",6
"2413","2empl",2
"2417","2empl",19
"2419","2empl",8
"2421","2empl",2
"2428","2empl",1
"2429","2empl",2
"2431","2empl",4
"2437","2empl",11
"2439","2empl",5
"2449","2empl",3
"2455","2empl",5
"2456","2empl",4
"2457","2empl",7
"2460","2empl",5
"2461","2empl",2
"2462","2empl",3
"2463","2empl",1
"2465","2empl",3
"2467","2empl",5
"2469","2empl",1
"2472","2empl",1
"2473","2empl",11
"2476","2empl",1
"2479","2empl",3
"2481","2empl",5
"2482","2empl",28
"2483","2empl",19
"2484","2empl",19
"2485","2empl",19
"2486","2empl",10
"2487","2empl",3
"2488","2empl",3
"2489","2empl",3
"2490","2empl",5
"2491","2empl",3
"2492","2empl",1
"2495","2empl",2
"2497","2empl",1
"2498","2empl",30
"2499","2empl",1
"2504","2empl",4
"2506","2empl",24
"2508","2empl",8
"2509","2empl",1
"2510","2empl",18
"2511","2empl",6
"2512","2empl",4
"2513","2empl",11
"2514","2empl",11
"2515","2empl",11
"2516","2empl",11
"2517","2empl",11
"2518","2empl",5
"2519","2empl",1
"2520","2empl",9
"2521","2empl",23
"2522","2empl",3
"2523","2empl",2
"2524","2empl",1
"2526","2empl",4
"2527","2empl",3
"2528","2empl",5
"2530","2empl",29
"2531","2empl",29
"2532","2empl",4
"2533","2empl",4
"2534","2empl",3
"2536","2empl",8
"2538","2empl",6
"2540","2empl",9
"2541","2empl",27
"2542","2empl",21
"2544","2empl",4
"2545","2empl",35
"2546","2empl",4
"2547","2empl",1
"2549","2empl",5
"2551","2empl",59
"2552","2empl",59
"2553","2empl",59
"2554","2empl",59
"2557","2empl",1
"2559","2empl",2
"2561","2empl",27
"2562","2empl",11
"2563","2empl",5
"2566","2empl",2
"2567","2empl",9
"2568","2empl",1
"2569","2empl",14
"2571","2empl",4
"2573","2empl",7
"2575","2empl",3
"2579","2empl",14
"2582","2empl",1
"2583","2empl",2
"2584","2empl",31
"2586","2empl",5
"2587","2empl",43
"2588","2empl",43
"2589","2empl",43
"2590","2empl",43
"2591","2empl",43
"2592","2empl",43
"2593","2empl",16
"2594","2empl",14
"2595","2empl",17
"2596","2empl",14
"2601","2empl",1
"2602","2empl",27
"2603","2empl",35
"2604","2empl",31
"2605","2empl",31
"2607","2empl",21
"2608","2empl",21
"2610","2empl",5
"2611","2empl",1
"2612","2empl",5
"2613","2empl",18
"2614","2empl",46
"2615","2empl",10
"2616","2empl",1
"2618","2empl",17
"2619","2empl",40
"2621","2empl",1
"2622","2empl",17
"2623","2empl",1
"2627","2empl",1
"2628","2empl",15
"2631","2empl",41
"2633","2empl",23
"2634","2empl",1
"2638","2empl",3
"2646","2empl",4
"2652","2empl",1
"2658","2empl",22
"2662","2empl",1
"2666","2empl",14
"2669","2empl",4
"2672","2empl",1
"2674","2empl",7
"2675","2empl",9
"2676","2empl",8
"2677","2empl",9
"2678","2empl",5
"2679","2empl",36
"2680","2empl",253
"2681","2empl",21
"2682","2empl",177
"2683","2empl",329
"2685","2empl",6
"2686","2empl",3
"2687","2empl",3
"2688","2empl",8
"2689","2empl",2
"2690","2empl",6
"2691","2empl",6
"2692","2empl",6
"2693","2empl",3
"2694","2empl",13
"2695","2empl",40
"2696","2empl",1
"2697","2empl",4
"2698","2empl",3
"2699","2empl",19
"2700","2empl",29
"2701","2empl",6
"2702","2empl",4
"2703","2empl",79
"2704","2empl",65
"2705","2empl",74
"2706","2empl",21
"2707","2empl",21
"2708","2empl",28
"2709","2empl",21
"2710","2empl",21
"2711","2empl",1
"2712","2empl",1
"2713","2empl",6
"2714","2empl",6
"2715","2empl",6
"2716","2empl",21
"2717","2empl",21
"2718","2empl",21
"2719","2empl",21
"2720","2empl",21
"2721","2empl",21
"2723","2empl",9
"2724","2empl",2
"2725","2empl",2
"2726","2empl",18
"2727","2empl",33
"2728","2empl",26
"2729","2empl",45
"2730","2empl",45
"2731","2empl",45
"2732","2empl",2
"2733","2empl",5
"2734","2empl",8
"2735","2empl",5
"2736","2empl",5
"2737","2empl",10
"2738","2empl",12
"2739","2empl",13
"2740","2empl",13
"2741","2empl",5
"2742","2empl",2
"2743","2empl",2
"2745","2empl",6
"2746","2empl",6
"2747","2empl",6
"2748","2empl",2
"2749","2empl",1
"2750","2empl",41
"2751","2empl",21
"2753","2empl",13
"2754","2empl",3
"2755","2empl",6
"2756","2empl",21
"2757","2empl",10
"2758","2empl",3
"2760","2empl",3
"2761","2empl",21
"2762","2empl",7
"2763","2empl",1
"2764","2empl",1
"2765","2empl",103
"2766","2empl",67
"2767","2empl",18
"2768","2empl",22
"2769","2empl",4
"2770","2empl",6
"2771","2empl",21
"2772","2empl",4
"2773","2empl",7
"2774","2empl",3
"2777","2empl",6
"2778","2empl",1
"2779","2empl",37
"2780","2empl",1
"2781","2empl",1
"2782","2empl",3
"2784","2empl",14
"2785","2empl",15
"2787","2empl",30
"2788","2empl",2
"2790","2empl",7
"2791","2empl",4
"2793","2empl",1
"2794","2empl",6
"2795","2empl",2
"2797","2empl",4
"2800","2empl",18
"2801","2empl",6
"2802","2empl",1
"2803","2empl",23
"2804","2empl",3
"2805","2empl",1
"2807","2empl",57
"2808","2empl",22
"2809","2empl",6
"2811","2empl",3
"2812","2empl",5
"2813","2empl",3
"2814","2empl",15
"2816","2empl",17
"2819","2empl",3
"2820","2empl",7
"2827","2empl",31
"2828","2empl",19
"2829","2empl",1
"2832","2empl",1
"2835","2empl",39
"2836","2empl",1
"2837","2empl",37
"2838","2empl",1
"2839","2empl",4
"2840","2empl",17
"2841","2empl",1
"2846","2empl",27
"2847","2empl",6
"2848","2empl",11
"2850","2empl",5
"2851","2empl",1
"2853","2empl",1
"2854","2empl",8
"2855","2empl",3
"2856","2empl",47
"2857","2empl",1
"2858","2empl",4
"2859","2empl",4
"2860","2empl",18
"2862","2empl",1
"2864","2empl",3
"2868","2empl",46
"2869","2empl",1
"2870","2empl",4
"2872","2empl",44
"2875","2empl",3
"2876","2empl",4
"2877","2empl",7
"2878","2empl",9
"2879","2empl",1
"2880","2empl",52
"2883","2empl",24
"2884","2empl",1
"2885","2empl",17
"2887","2empl",8
"2888","2empl",1
"2892","2empl",15
"2893","2empl",61
"2894","2empl",1
"2895","2empl",2
"2896","2empl",16
"2901","2empl",30
"2903","2empl",7
"2904","2empl",2
"2905","2empl",5
"2906","2empl",3
"2907","2empl",1
"2908","2empl",1
"2909","2empl",4
"2911","2empl",44
"2912","2empl",2
"2916","2empl",69
"2917","2empl",1
"2920","2empl",34
"2921","2empl",10
"2925","2empl",4
"2926","2empl",5
"2927","2empl",5
"2928","2empl",8
"2930","2empl",5
"2931","2empl",155
"2932","2empl",12
"2933","2empl",14
"2934","2empl",46
"2935","2empl",155
"2936","2empl",7
"2938","2empl",1
"2939","2empl",7
"2940","2empl",7
"2941","2empl",7
"2942","2empl",7
"2943","2empl",12
"2945","2empl",11
"2946","2empl",4
"2948","2empl",2
"2949","2empl",23
"2950","2empl",17
"2952","2empl",4
"2953","2empl",5
"2954","2empl",12
"2956","2empl",3
"2957","2empl",7
"2958","2empl",5
"2959","2empl",7
"2960","2empl",4
"2966","2empl",3
"2969","2empl",4
"2970","2empl",5
"2971","2empl",1
"2972","2empl",2
"2974","2empl",50
"2976","2empl",3
"2977","2empl",1
"2978","2empl",3
"2979","2empl",2
"2981","2empl",1
"2982","2empl",8
"2984","2empl",2
"2987","2empl",1
"2988","2empl",11
"2990","2empl",1
"2991","2empl",1
"2992","2empl",1
"2998","2empl",1
"2999","2empl",3
"3001","2empl",13
"3002","2empl",1
"3004","2empl",21
"3005","2empl",15
"3008","2empl",4
"3012","2empl",12
"3016","2empl",4
"3021","2empl",2
"3022","2empl",2
"3024","2empl",1
"3025","2empl",6
"3027","2empl",16
"3028","2empl",8
"3033","2empl",25
"3034","2empl",1
"3037","2empl",39
"3038","2empl",5
"3041","2empl",6
"3042","2empl",13
"3044","2empl",10
"3045","2empl",2
"3049","2empl",1
"3050","2empl",9
"3053","2empl",14
"3055","2empl",8
"3057","2empl",3
"3063","2empl",1
"3065","2empl",8
"3067","2empl",24
"3068","2empl",24
"3069","2empl",19
"3070","2empl",24
"3076","2empl",317
"3077","2empl",6
"3078","2empl",7
"3079","2empl",11
"3081","2empl",2
"3082","2empl",3
"3083","2empl",6
"3084","2empl",4
"3086","2empl",2
"3088","2empl",14
"3089","2empl",14
"3091","2empl",1
"3092","2empl",1
"3093","2empl",24
"3095","2empl",1
"3096","2empl",1
"3097","2empl",15
"3099","2empl",7
"3100","2empl",1
"3101","2empl",5
"3102","2empl",1
"3107","2empl",8
"3108","2empl",8
"3109","2empl",3
"3110","2empl",5
"3111","2empl",2
"3113","2empl",4
"3115","2empl",9
"3116","2empl",4
"3120","2empl",5
"3123","2empl",14
"3124","2empl",23
"3125","2empl",3
"3130","2empl",5
"3131","2empl",8
"3132","2empl",2
"3133","2empl",5
"3136","2empl",1
"3140","2empl",2
"3141","2empl",8
"3142","2empl",4
"3143","2empl",2
"3146","2empl",1
"3150","2empl",9
"3152","2empl",9
"3156","2empl",3
"3158","2empl",5
"3159","2empl",1
"3160","2empl",1
"3165","2empl",10
"3167","2empl",5
"3168","2empl",2
"3169","2empl",57
"3170","2empl",8
"3173","2empl",8
"3174","2empl",33
"3175","2empl",1
"3176","2empl",4
"3177","2empl",4
"3179","2empl",5
"3181","2empl",1
"3184","2empl",5
"3187","2empl",1
"3188","2empl",2
"3190","2empl",84
"3191","2empl",4
"3193","2empl",7
"3195","2empl",12
"3196","2empl",1
"3197","2empl",9
"3198","2empl",3
"3199","2empl",3
"3201","2empl",2
"3202","2empl",1
"3203","2empl",1
"3205","2empl",4
"3206","2empl",41
"3209","2empl",1
"3211","2empl",14
"3213","2empl",1
"3214","2empl",2
"3215","2empl",38
"3217","2empl",4
"3218","2empl",1
"3231","3thnp",1
"3245","3thnp",1
"3265","3thnp",1
"3323","3thnp",1
"3350","3thnp",1
"3363","3thnp",1
"3364","3thnp",1
"3372","3thnp",1
"3378","3thnp",1
"3384","3thnp",1
"3403","3thnp",1
"3409","3thnp",1
"3420","4thpl",1
"3422","4thpl",1
"3423","4thpl",5
"3424","4thpl",4
"3432","4thpl",1
"3437","4thpl",6
"3438","4thpl",1
"3439","4thpl",2
"3440","4thpl",4
"3441","4thpl",3
"3442","4thpl",4
"3449","4thpl",1
"3452","4thpl",1
"3464","4thpl",3
"3466","4thpl",1
"3473","4thpl",3
"3474","4thpl",2
"3475","4thpl",3
"3477","4thpl",7
"3478","4thpl",12
"3479","4thpl",2
"3480","4thpl",5
"3481","4thpl",2
"3482","4thpl",1
"3486","4thpl",2
"3497","4thpl",1
"3501","4thpl",2
"3502","4thpl",1
"3503","4thpl",4
"3504","4thpl",1
"3505","4thpl",4
"3506","4thpl",2
"3507","4thpl",1
"3508","4thpl",3
"3511","4thpl",1
"3516","4thpl",1
"3523","4thpl",1
"3524","4thpl",1
"3526","4thpl",2
"3529","4thpl",3
"3530","4thpl",1
"3531","4thpl",1
"3532","4thpl",3
"3533","4thpl",1
"3534","4thpl",2
"3536","4thpl",1
"3540","4thpl",2
"3542","4thpl",1
"3547","4thpl",8
"3549","4thpl",3
"3550","4thpl",4
"3551","4thpl",1
"3552","4thpl",2
"3553","4thpl",4
"3556","4thpl",2
"3557","4thpl",4
"3559","4thpl",2
"3560","4thpl",3
"3561","4thpl",1
"3563","4thpl",1
"3564","4thpl",1
"3565","4thpl",2
"3567","4thpl",2
"3568","4thpl",1
"3569","4thpl",3
"3571","4thpl",3
"3572","4thpl",1
"3575","4thpl",3
"3576","4thpl",3
"3577","4thpl",2
"3580","4thpl",1
"3583","4thpl",2
"3584","4thpl",3
"3589","4thpl",4
"3590","4thpl",6
"3591","4thpl",1
"3592","4thpl",1
