"","V1","Loop_number","No_loop","Loop"
"1","cfa",5,0,1
"2","yeaQ",0,0,1
"3","ompC",12,0,1
"4","slp",21,0,1
"5","hdeB",18,0,1
"6","hdeD",20,0,1
"7","osmY",20,0,1
"8","cbpA",4,0,1
"9","hdeA",18,0,1
"10","yahO",0,0,1
"11","yccJ",1,0,1
"12","asr",3,0,1
"13","ydiZ",0,0,1
"14","yebV",0,0,1
"15","yhiM",5,0,1
"16","wrbA",1,0,1
"17","ycaC",1,0,1
"18","gadB",33,0,1
"19","gadA",29,0,1
"20","yiaG",0,0,1
"21","dps",14,0,1
"22","ybaT",2,0,1
"23","aceK",6,0,1
"24","acnA",17,0,1
"25","add",1,0,1
"26","ahpF",4,0,1
"27","alaT",7,0,1
"28","alaU",6,0,1
"29","aroA",1,0,1
"30","aroH",1,0,1
"31","aroP",4,0,1
"32","bcsE",0,0,1
"33","cyaA",1,0,1
"34","cyoB",18,0,1
"35","dadA",0,0,1
"36","dadX",1,0,1
"37","acrR",1,0,1
"38","atpH",1,0,1
"39","bax",0,0,1
"40","bioB",0,0,1
"41","borD",2,0,1
"42","btuB",1,0,1
"43","cirA",8,0,1
"44","cpxA",6,0,1
"45","cpxR",3,0,1
"46","dadX",1,0,1
"47","dcuR",4,0,1
"48","artM",2,0,1
"49","asnA",7,0,1
"50","aspA",8,0,1
"51","atpA",1,0,1
"52","atpB",1,0,1
"53","atpC",0,0,1
"54","atpD",0,0,1
"55","atpE",0,0,1
"56","atpF",0,0,1
"57","atpG",0,0,1
"58","atpI",1,0,1
"59","aer",0,0,1
"60","cca",0,0,1
"61","cdd",1,0,1
"62","cheA",0,0,1
"63","cheB",0,0,1
"64","cheR",0,0,1
"65","cheW",0,0,1
"66","cheY",0,0,1
"67","cheZ",0,0,1
"68","clpB",2,0,1
"69","clpX",5,0,1
"70","deoA",2,0,1
"71","deoB",3,0,1
"72","deoC",2,0,1
"73","deoD",2,0,1
"74","dapB",0,0,1
"75","dcyD",0,0,1
"76","edd",2,0,1
"77","eno",2,0,1
"78","fdoG",0,0,1
"79","fimA",8,0,1
"80","fimC",8,0,1
"81","fimI",8,0,1
"82","flgH",2,0,1
"83","flhA",2,0,1
"84","flhE",2,0,1
"85","fliP",5,0,1
"86","fliQ",5,0,1
"87","fliR",5,0,1
"88","fumA",6,0,1
"89","gapC",0,0,1
"90","dcuS",3,0,1
"91","dppC",7,0,1
"92","dusA",0,0,1
"93","eco",0,0,1
"94","fdhD",0,0,1
"95","fhuD",1,0,1
"96","folP",0,0,1
"97","frdA",8,0,1
"98","frdC",7,0,1
"99","ftnB",4,0,1
"100","fucI",6,0,1
"101","gcvH",4,0,1
"102","carA",8,0,1
"103","coaA",0,0,1
"104","codB",1,0,1
"105","cspD",3,0,1
"106","cvpA",2,0,1
"107","cydA",2,0,1
"108","cydB",2,0,1
"109","cydC",8,0,1
"110","cydD",7,0,1
"111","dnaJ",0,0,1
"112","dnaK",0,0,1
"113","dsbC",8,0,1
"114","fdoH",0,0,1
"115","flgB",2,0,1
"116","flgC",2,0,1
"117","flgD",2,0,1
"118","flgE",2,0,1
"119","flgF",2,0,1
"120","flgG",2,0,1
"121","flgI",2,0,1
"122","flgJ",2,0,1
"123","flgK",0,0,1
"124","flgL",0,0,1
"125","gatA",2,0,1
"126","gatB",2,0,1
"127","gatC",2,0,1
"128","gatD",2,0,1
"129","gatZ",2,0,1
"130","glcC",5,0,1
"131","gltA",8,0,1
"132","gltB",28,0,1
"133","gltD",28,0,1
"134","gpmA",4,0,1
"135","grxA",0,0,1
"136","gshA",0,0,1
"137","gshB",0,0,1
"138","hemB",1,0,1
"139","hsdR",0,0,1
"140","hsdS",0,0,1
"141","hslJ",1,0,1
"142","iap",0,0,1
"143","idi",0,0,1
"144","ispF",0,0,1
"145","kgtP",1,0,1
"146","lipA",0,0,1
"147","lldD",1,0,1
"148","lpxD",1,0,1
"149","lysC",0,0,1
"150","map",4,0,1
"151","marB",28,0,1
"152","marR",18,0,1
"153","mdaB",4,0,1
"154","mdtG",0,0,1
"155","menF",0,0,1
"156","metN",1,0,1
"157","mltC",0,0,1
"158","mqo",0,0,1
"159","murE",5,0,1
"160","murF",5,0,1
"161","nfsA",7,0,1
"162","nuoC",14,0,1
"163","nuoN",17,0,1
"164","pdhR",5,0,1
"165","pdxY",0,0,1
"166","proP",3,0,1
"167","rbsA",5,0,1
"168","rbsC",5,0,1
"169","rcsA",6,0,1
"170","rimI",0,0,1
"171","rpoE",23,0,1
"172","rseA",35,0,1
"173","rseB",33,0,1
"174","sdhA",8,0,1
"175","sdhB",8,0,1
"176","serV",0,0,1
"177","gcvT",4,0,1
"178","glgS",2,0,1
"179","glpA",13,0,1
"180","hflC",3,0,1
"181","hflK",3,0,1
"182","hflX",3,0,1
"183","htpX",1,0,1
"184","ilvB",2,0,1
"185","ilvG",0,0,1
"186","ilvN",1,0,1
"187","ivbL",2,0,1
"188","katG",10,0,1
"189","maa",0,0,1
"190","manX",8,0,1
"191","mhpC",3,0,1
"192","miaA",2,0,1
"193","mutL",2,0,1
"194","nadA",0,0,1
"195","nmpC",0,0,1
"196","nrdD",3,0,1
"197","nrdG",4,0,1
"198","yjdM",0,0,1
"199","pitA",0,0,1
"200","pntA",4,0,1
"201","ppiA",2,0,1
"202","pppA",0,0,1
"203","proV",7,0,1
"204","purD",2,0,1
"205","purL",1,0,1
"206","purN",2,0,1
"207","putA",2,0,1
"208","recR",0,0,1
"209","rpoH",20,0,1
"210","rzpD",0,0,1
"211","sdaB",0,0,1
"212","sdaC",0,0,1
"213","secD",0,0,1
"214","dedA",0,0,1
"215","dinI",3,0,1
"216","dinJ",7,0,1
"217","eptB",4,0,1
"218","fadL",7,0,1
"219","folD",0,0,1
"220","fucR",1,0,1
"221","glmU",0,0,1
"222","glpB",11,0,1
"223","glpC",11,0,1
"224","flgM",13,0,1
"225","flgN",7,0,1
"226","fliA",20,0,1
"227","fliC",4,0,1
"228","fliD",5,0,1
"229","fliE",7,0,1
"230","fliF",8,0,1
"231","fliG",8,0,1
"232","fliH",8,0,1
"233","fliI",8,0,1
"234","fliJ",8,0,1
"235","fliK",8,0,1
"236","fliL",5,0,1
"237","fliM",5,0,1
"238","fliN",5,0,1
"239","fliO",5,0,1
"240","glpX",2,0,1
"241","glyA",1,0,1
"242","hisF",2,0,1
"243","hisH",2,0,1
"244","hisI",2,0,1
"245","hisJ",5,0,1
"246","ispE",0,0,1
"247","malT",3,0,1
"248","fliS",5,0,1
"249","fliT",5,0,1
"250","fliZ",30,0,1
"251","galM",3,0,1
"252","gdhA",11,0,1
"253","yhgH",2,0,1
"254","groL",2,0,1
"255","groS",5,0,1
"256","grpE",0,0,1
"257","hslO",0,0,1
"258","hslU",0,0,1
"259","hslV",0,0,1
"260","htpG",2,0,1
"261","ygiM",1,0,1
"262","osmB",2,0,1
"263","potD",0,0,1
"264","purA",3,0,1
"265","purC",1,0,1
"266","purH",2,0,1
"267","purK",1,0,1
"268","purM",2,0,1
"269","pyrB",0,0,1
"270","pyrC",3,0,1
"271","pyrL",0,0,1
"272","lipB",2,0,1
"273","lon",6,0,1
"274","modB",2,0,1
"275","motA",0,0,1
"276","motB",0,0,1
"277","nhaB",0,0,1
"278","nlpA",1,0,1
"279","nupG",1,0,1
"280","ompT",2,0,1
"281","prlC",0,0,1
"282","rbsB",5,0,1
"283","rbsD",5,0,1
"284","rbsK",7,0,1
"285","ymcE",0,0,1
"286","sthA",0,0,1
"287","sucA",21,0,1
"288","sucD",18,0,1
"289","tas",0,0,1
"290","tehA",0,0,1
"291","thrC",2,0,1
"292","trpB",3,0,1
"293","uspD",0,0,1
"294","xseA",3,0,1
"295","yagU",2,0,1
"296","ybaK",0,0,1
"297","ybfD",0,0,1
"298","ybjC",7,0,1
"299","tatD",0,0,1
"300","tgt",0,0,1
"301","tnaB",3,0,1
"302","tnaC",2,0,1
"303","treB",3,0,1
"304","treC",3,0,1
"305","ubiB",0,0,1
"306","yagE",0,0,1
"307","yajC",0,0,1
"308","ybaL",0,0,1
"309","ybfA",0,0,1
"310","ybjN",9,0,1
"311","ycfP",0,0,1
"312","ydgD",0,0,1
"313","ydiH",0,0,1
"314","yecD",0,0,1
"315","yejG",0,0,1
"316","yfcA",0,0,1
"317","yfcD",0,0,1
"318","yfcE",0,0,1
"319","yfjF",0,0,1
"320","ygbE",0,0,1
"321","yccA",1,0,1
"322","ydhF",0,0,1
"323","ygaH",0,0,1
"324","ygaZ",0,0,1
"325","ygdR",0,0,1
"326","yghG",0,0,1
"327","yghJ",0,0,1
"328","yghJ",0,0,1
"329","ygiB",4,0,1
"330","ygdQ",0,0,1
"331","ygiW",0,0,1
"332","yhcN",0,0,1
"333","yheO",0,0,1
"334","yieE",0,0,1
"335","yieF",0,0,1
"336","yigI",0,0,1
"337","yjeM",2,0,1
"338","yjjU",0,0,1
"339","ykgA",0,0,1
"340","ylaC",0,0,1
"341","yncD",0,0,1
"342","yodC",0,0,1
"343","yraQ",0,0,1
"344","yhaL",0,0,1
"345","yhiI",0,0,1
"346","yjiA",0,0,1
"347","yjiX",0,0,1
"348","ykfF",0,0,1
"349","ylbF",0,0,1
"350","yncE",1,0,1
"351","yqjA",4,0,1
"352","yqjC",0,0,1
"353","yqjD",0,0,1
"354","ytfJ",1,0,1
"355","recA",2,0,1
"356","rnk",0,0,1
"357","serU",0,0,1
"358","slt",1,0,1
"359","speA",1,0,1
"360","speD",0,0,1
"361","spy",2,0,1
"362","tatA",0,0,1
"363","tatB",0,0,1
"364","ubiE",0,0,1
"365","uvrY",3,0,1
"366","yciB",0,0,1
"367","yciC",0,0,1
"368","yciI",0,0,1
"369","yebE",1,0,1
"370","ygiC",4,0,1
"371","yihA",0,0,1
"372","yijD",0,0,1
"373","ynfD",0,0,1
"374","yqaE",1,0,1
"375","yqgB",0,0,1
"376","speG",2,0,1
"377","srlA",12,0,1
"378","srlB",10,0,1
"379","srlD",10,0,1
"380","srlE",10,0,1
"381","srlR",5,0,1
"382","tap",0,0,1
"383","tar",0,0,1
"384","tsr",2,0,1
"385","tsx",1,0,1
"386","udp",1,0,1
"387","yafE",0,0,1
"388","yafY",0,0,1
"389","ybeX",0,0,1
"390","ybeY",0,0,1
"391","ybeZ",0,0,1
"392","ybiX",0,0,1
"393","ybjX",2,0,1
"394","ycgR",2,0,1
"395","ycjX",0,0,1
"396","yeaD",1,0,1
"397","yebW",0,0,1
"398","yecR",0,0,1
"399","yeeR",0,0,1
"400","yffB",1,0,1
"401","ygaZ",0,0,1
"402","ygiS",0,0,1
"403","yhhQ",0,0,1
"404","yiaD",0,0,1
"405","ykfB",0,0,1
"406","ymdA",0,0,1
"407","yneE",0,0,1
"408","ynfB",3,0,1
"409","zntR",0,0,1
"410","allA",0,0,1
"411","cdh",0,0,1
"412","dnaA",2,0,1
"413","dnaN",2,0,1
"414","entE",3,0,1
"415","fecA",3,0,1
"416","fecB",3,0,1
"417","fecC",3,0,1
"418","fecD",3,0,1
"419","fecE",3,0,1
"420","fepA",3,0,1
"421","fhuC",1,0,1
"422","frwB",0,0,1
"423","ftsA",9,0,1
"424","ftsQ",8,0,1
"425","fucK",6,0,1
"426","galK",4,0,1
"427","gntT",2,0,1
"428","gpmM",1,0,1
"429","gpsA",1,0,1
"430","hrpB",0,0,1
"431","hslR",0,0,1
"432","hupA",1,0,1
"433","hybA",2,0,1
"434","idnT",2,0,1
"435","lnt",0,0,1
"436","lpxB",0,0,1
"437","malF",10,0,1
"438","malG",10,0,1
"439","malK",3,0,1
"440","malM",3,0,1
"441","malP",2,0,1
"442","malQ",4,0,1
"443","mdlB",0,0,1
"444","menA",1,0,1
"445","mltB",0,0,1
"446","modC",2,0,1
"447","murG",5,0,1
"448","napC",8,0,1
"449","narY",0,0,1
"450","nrdF",3,0,1
"451","pflC",0,0,1
"452","pheA",1,0,1
"453","phoB",0,0,1
"454","phoU",10,0,1
"455","aceE",11,0,1
"456","acnB",6,0,1
"457","adk",0,0,1
"458","ahpC",2,0,1
"459","aldA",13,0,1
"460","apaG",0,0,1
"461","argS",1,0,1
"462","aspC",0,0,1
"463","avtA",0,0,1
"464","can",3,0,1
"465","wzzB",0,0,1
"466","cyoA",18,0,1
"467","cyoC",18,0,1
"468","cyoD",18,0,1
"469","cyoE",18,0,1
"470","cysZ",0,0,1
"471","dld",0,0,1
"472","dsbB",0,0,1
"473","emrA",1,0,1
"474","fabI",0,0,1
"475","fadR",2,0,1
"476","fdx",0,0,1
"477","fnr",5,0,1
"478","folE",4,0,1
"479","fpr",3,0,1
"480","galF",0,0,1
"481","gapC",0,0,1
"482","ghrA",0,0,1
"483","glf",0,0,1
"484","gloA",3,0,1
"485","gltX",1,0,1
"486","gmhA",1,0,1
"487","gnd",4,0,1
"488","gpt",1,0,1
"489","guaA",6,0,1
"490","hha",2,0,1
"491","hpt",4,0,1
"492","iadA",0,0,1
"493","insA1",0,0,1
"494","insA2",0,0,1
"495","kdsA",0,0,1
"496","kdsB",0,0,1
"497","lgt",0,0,1
"498","lldP",3,0,1
"499","lysP",0,0,1
"500","mdtJ",2,0,1
"501","mdtL",0,0,1
"502","menB",0,0,1
"503","mepA",0,0,1
"504","metG",0,0,1
"505","metK",5,0,1
"506","miaB",0,0,1
"507","mipA",0,0,1
"508","mreB",1,0,1
"509","mrp",0,0,1
"510","mtn",3,0,1
"511","nadE",1,0,1
"512","ndh",12,0,1
"513","ndk",0,0,1
"514","nemA",3,0,1
"515","nuoG",14,0,1
"516","nuoH",14,0,1
"517","nuoI",14,0,1
"518","nuoJ",14,0,1
"519","nuoK",14,0,1
"520","nuoL",14,0,1
"521","ompR",3,0,1
"522","oppB",2,0,1
"523","oppC",5,0,1
"524","oppD",2,0,1
"525","oppF",2,0,1
"526","pal",0,0,1
"527","pdxH",0,0,1
"528","pepB",0,0,1
"529","pepN",0,0,1
"530","pepP",0,0,1
"531","pmrD",0,0,1
"532","psiF",1,0,1
"533","pstA",10,0,1
"534","pstB",10,0,1
"535","pstC",12,0,1
"536","pstS",12,0,1
"537","rne",0,0,1
"538","tdcB",9,0,1
"539","tdcC",9,0,1
"540","trkA",0,0,1
"541","ulaE",4,0,1
"542","ulaR",0,0,1
"543","pflA",0,0,1
"544","pgi",2,0,1
"545","pheM",0,0,1
"546","pncB",3,0,1
"547","ppsA",3,0,1
"548","ppx",0,0,1
"549","proC",0,0,1
"550","ptsG",5,0,1
"551","ptsH",5,0,1
"552","ptsI",5,0,1
"553","purU",1,0,1
"554","pyrG",0,0,1
"555","rcsB",1,0,1
"556","relA",12,0,1
"557","rfbC",0,0,1
"558","rfbD",0,0,1
"559","rfe",1,0,1
"560","rhlB",0,0,1
"561","uxaC",5,0,1
"562","yagF",0,0,1
"563","ybaV",0,0,1
"564","ybjG",0,0,1
"565","ycdZ",1,0,1
"566","ycjF",0,0,1
"567","ycjO",0,0,1
"568","yddB",0,0,1
"569","ydhF",0,0,1
"570","yghD",0,0,1
"571","rho",0,0,1
"572","ribA",1,0,1
"573","rmf",0,0,1
"574","rnb",0,0,1
"575","rnt",0,0,1
"576","rsd",8,0,1
"577","rsuA",0,0,1
"578","sdhC",14,0,1
"579","sdhD",8,0,1
"580","serC",1,0,1
"581","sfsB",0,0,1
"582","sppA",0,0,1
"583","sra",8,0,1
"584","surA",0,0,1
"585","tatE",0,0,1
"586","tehB",0,0,1
"587","tolB",0,0,1
"588","tolQ",0,0,1
"589","tpiA",1,0,1
"590","yhdT",0,0,1
"591","yhfS",0,0,1
"592","yhfU",0,0,1
"593","yhgE",0,0,1
"594","yicG",0,0,1
"595","yihF",0,0,1
"596","yjaB",0,0,1
"597","yjeJ",0,0,1
"598","yjfL",0,0,1
"599","yjgM",0,0,1
"600","ubiB",0,0,1
"601","ubiH",0,0,1
"602","xerC",0,0,1
"603","yadG",0,0,1
"604","yadH",0,0,1
"605","yaiA",2,0,1
"606","ybgC",0,0,1
"607","ybhB",0,0,1
"608","ycaR",0,0,1
"609","ycdX",0,0,1
"610","ycdY",0,0,1
"611","ychH",1,0,1
"612","ychJ",0,0,1
"613","ydfG",0,0,1
"614","ydiH",0,0,1
"615","yeaC",0,0,1
"616","yeaK",0,0,1
"617","yeeN",0,0,1
"618","yjhD",0,0,1
"619","ykgF",0,0,1
"620","ymdB",0,0,1
"621","yoaE",0,0,1
"622","yohK",0,0,1
"623","yqfA",0,0,1
"624","yrfG",0,0,1
"625","yeeZ",0,0,1
"626","yehS",0,0,1
"627","yeiG",0,0,1
"628","yfaE",6,0,1
"629","yfcZ",1,0,1
"630","yfdG",0,0,1
"631","yfdI",0,0,1
"632","yfjW",0,0,1
"633","ygdI",0,0,1
"634","yhjR",1,0,1
"635","yieP",0,0,1
"636","yjbQ",4,0,1
"637","aidB",4,0,1
"638","ssuD",4,0,1
"639","tauA",1,0,1
"640","tauB",1,0,1
"641","tauC",1,0,1
"642","csgA",13,0,1
"643","csgD",43,0,1
"644","csgE",70,0,1
"645","csgF",70,0,1
"646","csgG",70,0,1
"647","iraP",10,0,1
"648","tcyJ",33,0,1
"649","yccT",1,0,1
"650","gadC",30,0,1
"651","gadE",32,0,1
"652","gadF",42,0,1
"653","gadX",23,0,1
"654","mdtE",38,0,1
"655","mdtF",35,0,1
"656","yhiD",18,0,1
"657","dctR",22,0,1
"658","glsA",3,0,1
"659","rpoS",18,0,1
"660","mcbA",0,0,1
"661","yciE",2,0,1
"662","yciF",0,0,1
"663","yciG",0,0,1
"664","metE",3,0,1
"665","metR",0,0,1
"666","prpB",2,0,1
"667","prpC",2,0,1
"668","prpD",2,0,1
"669","prpR",2,0,1
"670","adiA",6,0,1
"671","appC",9,0,1
"672","appX",7,0,1
"673","hyaA",10,0,1
"674","hyaB",10,0,1
"675","hyaC",10,0,1
"676","hyaD",10,0,1
"677","hyaE",10,0,1
"678","hyaF",10,0,1
"679","araA",1,0,1
"680","araB",1,0,1
"681","araC",2,0,1
"682","araF",8,0,1
"683","caiA",11,0,1
"684","ttdR",0,0,1
"685","mlrA",2,0,1
"686","galS",2,0,1
"687","mglA",14,0,1
"688","mglB",12,0,1
"689","mglC",14,0,1
"690","glcA",7,0,1
"691","glcB",7,0,1
"692","glcD",7,0,1
"693","glcE",7,0,1
"694","glcF",7,0,1
"695","glcG",7,0,1
"696","hcaR",0,0,1
"697","iscR",1,0,1
"698","nrdE",3,0,1
"699","nrdH",3,0,1
"700","nrdI",3,0,1
"701","sufA",8,0,1
"702","sufB",8,0,1
"703","sufC",8,0,1
"704","sufD",8,0,1
"705","sufE",8,0,1
"706","sufS",8,0,1
"707","mhpA",3,0,1
"708","fdhF",3,0,1
"709","fdnG",2,0,1
"710","fdnH",1,0,1
"711","fdnI",1,0,1
"712","hcp",2,0,1
"713","hcr",1,0,1
"714","nirB",10,0,1
"715","nirD",9,0,1
"716","nrfA",4,0,1
"717","nrfB",4,0,1
"718","nrfC",4,0,1
"719","nrfD",4,0,1
"720","ytfE",1,0,1
"721","amtB",1,0,1
"722","argT",2,0,1
"723","ddpA",1,0,1
"724","ddpB",1,0,1
"725","ddpD",1,0,1
"726","ddpX",1,0,1
"727","glnA",5,0,1
"728","glnG",2,0,1
"729","glnK",2,0,1
"730","glnL",4,0,1
"731","hisM",5,0,1
"732","hisP",5,0,1
"733","patA",1,0,1
"734","potF",2,0,1
"735","potG",1,0,1
"736","potH",1,0,1
"737","potI",1,0,1
"738","yhdW",0,0,1
"739","pdeL",1,0,1
"740","prpE",2,0,1
"741","appA",7,0,1
"742","appB",7,0,1
"743","betA",4,0,1
"744","betB",4,0,1
"745","betI",1,0,1
"746","caiD",9,0,1
"747","lldR",1,0,1
"748","fumB",15,0,1
"749","hybE",2,0,1
"750","hybB",2,0,1
"751","dmsA",12,0,1
"752","hybF",2,0,1
"753","hybO",2,0,1
"754","tdcE",9,0,1
"755","clpA",0,0,1
"756","entF",4,0,1
"757","tdcD",9,0,1
"758","lysU",3,0,1
"759","ynfG",5,0,1
"760","pepE",0,0,1
"761","ansB",5,0,1
"762","ydcZ",0,0,1
"763","hypA",7,0,1
"764","tdcF",9,0,1
"765","phoH",6,0,1
"766","hybD",2,0,1
"767","ynfF",5,0,1
"768","tonB",0,0,1
"769","hybC",2,0,1
"770","hypB",10,0,1
"771","dcuB",10,0,1
"772","frdB",8,0,1
"773","hypC",10,0,1
"774","rsxE",0,0,1
"775","ybdZ",4,0,1
"776","leuA",1,0,1
"777","clpS",0,0,1
"778","icd",6,0,1
"779","sodA",33,0,1
"780","fis",9,0,1
"781","tdcA",6,0,1
"782","frdD",7,0,1
"783","hypD",10,0,1
"784","ydhV",1,0,1
"785","dmsB",12,0,1
"786","entB",3,0,1
"787","fhuF",4,0,1
"788","dcuA",10,0,1
"789","pgl",0,0,1
"790","dmsD",4,0,1
"791","ydjA",0,0,1
"792","fepB",2,0,1
"793","yhbW",4,0,1
"794","mdtI",2,0,1
"795","fsr",0,0,1
"796","kbl",0,0,1
"797","kefB",0,0,1
"798","serA",1,0,1
"799","glpQ",13,0,1
"800","metJ",1,0,1
"801","yceI",2,0,1
"802","smg",0,0,1
"803","ulaC",4,0,1
"804","ynfE",5,0,1
"805","ompW",3,0,1
"806","efeO",0,0,1
"807","yqiA",0,0,1
"808","gltI",5,0,1
"809","dcuC",1,0,1
"810","yfeC",0,0,1
"811","leuD",1,0,1
"812","ycgM",0,0,1
"813","hybG",2,0,1
"814","fes",4,0,1
"815","entA",3,0,1
"816","yoaB",0,0,1
"817","yjjI",0,0,1
"818","ogt",0,0,1
"819","mntH",4,0,1
"820","leuC",1,0,1
"821","shiA",1,0,1
"822","leuB",1,0,1
"823","gcvR",0,0,1
"824","entC",3,0,1
"825","ravA",0,0,1
"826","selA",0,0,1
"827","efeU",0,0,1
"828","ispU",0,0,1
"829","msrA",0,0,1
"830","fadE",1,0,1
"831","ugpC",1,0,1
"832","manZ",6,0,1
"833","ccmD",6,0,1
"834","ydhY",1,0,1
"835","yhjE",2,0,1
"836","fepC",1,0,1
"837","mgsA",0,0,1
"838","sucC",20,0,1
"839","hypE",10,0,1
"840","csrD",0,0,1
"841","pykA",2,0,1
"842","yaeP",0,0,1
"843","trmA",0,0,1
"844","pepD",2,0,1
"845","yciH",2,0,1
"846","galT",3,0,1
"847","yhdH",0,0,1
"848","ynfH",4,0,1
"849","sodB",7,0,1
"850","sstT",2,0,1
"851","nadB",0,0,1
"852","ybjI",0,0,1
"853","purT",2,0,1
"854","fdoI",0,0,1
"855","exbB",3,0,1
"856","yebZ",0,0,1
"857","pnuC",0,0,1
"858","rutE",1,0,1
"859","yeiE",0,0,1
"860","moeA",6,0,1
"861","melA",1,0,1
"862","ilvE",1,0,1
"863","yddA",0,0,1
"864","cysE",0,0,1
"865","sanA",0,0,1
"866","manY",7,0,1
"867","hisQ",6,0,1
"868","dfp",0,0,1
"869","ydiP",0,0,1
"870","ycjY",0,0,1
"871","tdh",1,0,1
"872","ybjJ",0,0,1
"873","yhfK",0,0,1
"874","yibQ",0,0,1
"875","ccmF",6,0,1
"876","nth",0,0,1
"877","recC",5,0,1
"878","aegA",0,0,1
"879","rpsQ",9,0,1
"880","fepD",1,0,1
"881","yfeD",0,0,1
"882","aqpZ",0,0,1
"883","gltL",5,0,1
"884","cycA",7,0,1
"885","aroF",2,0,1
"886","gcvP",4,0,1
"887","yebY",0,0,1
"888","mutM",1,0,1
"889","mdtC",3,0,1
"890","exbD",1,0,1
"891","ydhW",1,0,1
"892","crl",0,0,1
"893","znuB",1,0,1
"894","torD",2,0,1
"895","gltP",4,0,1
"896","agaV",2,0,1
"897","sucB",18,0,1
"898","yafD",0,0,1
"899","ilvM",3,0,1
"900","cdsA",0,0,1
"901","pyrD",2,0,1
"902","glgC",6,0,1
"903","amn",1,0,1
"904","uhpB",0,0,1
"905","ybhG",1,0,1
"906","pck",1,0,1
"907","rimJ",0,0,1
"908","iscA",2,0,1
"909","chaA",0,0,1
"910","ydhR",0,0,1
"911","pflB",16,0,1
"912","ydgJ",0,0,1
"913","acs",15,0,1
"914","asd",0,0,1
"915","tpx",3,0,1
"916","emrD",1,0,1
"917","yjjP",0,0,1
"918","ydiE",0,0,1
"919","glgA",5,0,1
"920","yqaB",0,0,1
"921","ais",0,0,1
"922","aroD",0,0,1
"923","yiiQ",0,0,1
"924","napH",7,0,1
"925","ccmH",7,0,1
"926","ybiV",0,0,1
"927","efp",0,0,1
"928","hemD",0,0,1
"929","pykF",1,0,1
"930","efeB",0,0,1
"931","uspE",0,0,1
"932","ilvI",1,0,1
"933","glpK",2,0,1
"934","eda",4,0,1
"935","pheP",0,0,1
"936","cysK",1,0,1
"937","napF",8,0,1
"938","ynaJ",0,0,1
"939","torA",2,0,1
"940","nanE",3,0,1
"941","thiD",0,0,1
"942","ydhP",0,0,1
"943","galP",9,0,1
"944","yojI",1,0,1
"945","osmC",7,0,1
"946","cadA",23,0,1
"947","yhbS",0,0,1
"948","msrB",4,0,1
"949","ung",0,0,1
"950","zraR",0,0,1
"951","trmH",2,0,1
"952","ybaN",0,0,1
"953","trpA",3,0,1
"954","brnQ",0,0,1
"955","envC",0,0,1
"956","galE",4,0,1
"957","fumC",21,0,1
"958","bfd",0,0,1
"959","yjjW",0,0,1
"960","crr",7,0,1
"961","xseB",0,0,1
"962","wzzE",0,0,1
"963","moaB",0,0,1
"964","slyB",0,0,1
"965","fhuE",0,0,1
"966","hmp",4,0,1
"967","yfeX",0,0,1
"968","gltK",5,0,1
"969","yedE",0,0,1
"970","putP",4,0,1
"971","speC",1,0,1
"972","menC",0,0,1
"973","moaE",0,0,1
"974","exuT",2,0,1
"975","ybjM",0,0,1
"976","iscU",2,0,1
"977","ilvC",1,0,1
"978","ybiT",0,0,1
"979","phoA",2,0,1
"980","yceH",0,0,1
"981","ulaD",4,0,1
"982","napA",7,0,1
"983","cusR",1,0,1
"984","ispA",0,0,1
"985","pldB",0,0,1
"986","yceB",0,0,1
"987","yjaH",0,0,1
"988","dsbA",1,0,1
"989","kefG",0,0,1
"990","adhE",5,0,1
"991","fepG",1,0,1
"992","nrdR",0,0,1
"993","pqqL",0,0,1
"994","ftsZ",11,0,1
"995","glnH",4,0,1
"996","ypeC",0,0,1
"997","yqhD",0,0,1
"998","glnD",6,0,1
"999","thiM",0,0,1
"1000","aroG",2,0,1
"1001","idnO",2,0,1
"1002","idnD",2,0,1
"1003","idnK",5,0,1
"1004","idnR",2,0,1
"1005","gntU",5,0,1
"1006","cspG",0,0,1
"1007","gntK",5,0,1
"1008","yjgR",0,0,1
"1009","yjjZ",3,0,1
"1010","flhC",33,0,1
"1011","alr",0,0,1
"1012","glpF",4,0,1
"1013","yddH",0,0,1
"1014","cspA",4,0,1
"1015","glpT",16,0,1
"1016","codA",1,0,1
"1017","flhD",33,0,1
"1018","metQ",1,0,1
"1019","mcrB",0,0,1
"1020","garR",4,0,1
"1021","metI",1,0,1
"1022","malZ",0,0,1
"1023","ykgM",0,0,1
"1024","kdgK",0,0,1
"1025","zraP",1,0,1
"1026","pspC",2,0,1
"1027","pspD",2,0,1
"1028","pspA",2,0,1
"1029","pspB",2,0,1
"1030","yjiN",0,0,1
"1031","zwf",13,0,1
"1032","dapE",0,0,1
"1033","secE",0,0,1
"1034","yebK",0,0,1
"1035","ompX",3,0,1
"1036","fabH",4,0,1
"1037","yifK",0,0,1
"1038","uup",0,0,1
"1039","pyrH",0,0,1
"1040","argI",3,0,1
"1041","speE",0,0,1
"1042","rplU",3,0,1
"1043","rplY",2,0,1
"1044","ldrD",0,0,1
"1045","yegD",0,0,1
"1046","yddJ",0,0,1
"1047","caiT",9,0,1
"1048","alaS",0,0,1
"1049","nusG",0,0,1
"1050","dnaB",0,0,1
"1051","era",0,0,1
"1052","rplL",1,0,1
"1053","plsX",0,0,1
"1054","lyxK",10,0,1
"1055","yceD",0,0,1
"1056","nadR",0,0,1
"1057","rep",0,0,1
"1058","rplJ",1,0,1
"1059","yiaK",10,0,1
"1060","glpD",4,0,1
"1061","pabB",0,0,1
"1062","gudP",0,0,1
"1063","malI",0,0,1
"1064","serB",0,0,1
"1065","trmD",3,0,1
"1066","yhiN",0,0,1
"1067","rpsN",1,0,1
"1068","rpmB",0,0,1
"1069","rplN",1,0,1
"1070","mreD",1,0,1
"1071","sgbU",10,0,1
"1072","tyrS",0,0,1
"1073","modF",0,0,1
"1074","coaE",0,0,1
"1075","inaA",9,0,1
"1076","rpmH",0,0,1
"1077","cytR",0,0,1
"1078","potA",0,0,1
"1079","deaD",1,0,1
"1080","rplE",1,0,1
"1081","pyrE",0,0,1
"1082","sgbE",10,0,1
"1083","rpsS",9,0,1
"1084","aroL",2,0,1
"1085","rph",0,0,1
"1086","rplS",3,0,1
"1087","speB",2,0,1
"1088","cobT",0,0,1
"1089","stpA",5,0,1
"1090","copA",1,0,1
"1091","proQ",0,0,1
"1092","thiI",0,0,1
"1093","guaB",6,0,1
"1094","tdcG",9,0,1
"1095","upp",2,0,1
"1096","cueO",0,0,1
"1097","rplA",0,0,1
"1098","rpsA",2,0,1
"1099","lamB",3,0,1
"1100","rluA",0,0,1
"1101","rpsO",6,0,1
"1102","pcnB",4,0,1
"1103","ldrA",0,0,1
"1104","hokD",4,0,1
"1105","rhlE",0,0,1
"1106","yhbE",3,0,1
"1107","rplM",3,0,1
"1108","rplD",5,0,1
"1109","rplF",2,0,1
"1110","yidC",0,0,1
"1111","recO",0,0,1
"1112","wecB",2,0,1
"1113","rpsD",2,0,1
"1114","rpsI",8,0,1
"1115","secA",0,0,1
"1116","rpoA",2,0,1
"1117","dbpA",0,0,1
"1118","yihQ",0,0,1
"1119","rplO",1,0,1
"1120","rplP",9,0,1
"1121","hsdM",0,0,1
"1122","gutQ",10,0,1
"1123","hokB",0,0,1
"1124","rimM",3,0,1
"1125","rplV",9,0,1
"1126","rpmF",0,0,1
"1127","cmk",0,0,1
"1128","rplW",9,0,1
"1129","aroE",0,0,1
"1130","tilS",0,0,1
"1131","yebO",0,0,1
"1132","yihL",0,0,1
"1133","rnpA",0,0,1
"1134","yebC",0,0,1
"1135","pyrF",2,0,1
"1136","rpsK",4,0,1
"1137","gsk",0,0,1
"1138","queA",0,0,1
"1139","rpmD",1,0,1
"1140","rplK",1,0,1
"1141","rpsT",0,0,1
"1142","entD",3,0,1
"1143","ydcL",0,0,1
"1144","rpsE",1,0,1
"1145","prfB",0,0,1
"1146","argA",3,0,1
"1147","rpsF",3,0,1
"1148","yadC",0,0,1
"1149","lpxK",0,0,1
"1150","proX",7,0,1
"1151","rplQ",4,0,1
"1152","rpsH",0,0,1
"1153","fecR",1,0,1
"1154","yhdZ",1,0,1
"1155","thiL",2,0,1
"1156","rplX",1,0,1
"1157","aroM",2,0,1
"1158","yhgF",0,0,1
"1159","ilvH",1,0,1
"1160","rpmC",9,0,1
"1161","yjfC",0,0,1
"1162","rpsG",0,0,1
"1163","cusC",4,0,1
"1164","prmA",0,0,1
"1165","rpsJ",9,0,1
"1166","bipA",0,0,1
"1167","feoB",4,0,1
"1168","ldrC",0,0,1
"1169","ydiY",0,0,1
"1170","rplB",9,0,1
"1171","rffG",0,0,1
"1172","soxS",10,0,1
"1173","yjjG",0,0,1
"1174","yajR",0,0,1
"1175","infA",0,0,1
"1176","ycaO",0,0,1
"1177","purR",2,0,1
"1178","ascF",6,0,1
"1179","wecC",0,0,1
"1180","pheS",0,0,1
"1181","potB",0,0,1
"1182","coaD",0,0,1
"1183","rplI",7,0,1
"1184","rpsP",3,0,1
"1185","rpsM",4,0,1
"1186","mrcA",0,0,1
"1187","greA",2,0,1
"1188","murA",0,0,1
"1189","recG",3,0,1
"1190","rplC",9,0,1
"1191","parE",0,0,1
"1192","rplR",1,0,1
"1193","ygiQ",0,0,1
"1194","rpsC",9,0,1
"1195","fhuB",1,0,1
"1196","ybfE",0,0,1
"1197","cysM",2,0,1
"1198","rluC",0,0,1
"1199","proB",0,0,1
"1200","mhpB",3,0,1
"1201","spoT",2,0,1
"1202","rpsB",0,0,1
"1203","narG",11,0,1
"1204","rpiB",2,0,1
"1205","yhdY",1,0,1
"1206","ydhL",0,0,1
"1207","fecI",1,0,1
"1208","purF",1,0,1
"1209","znuA",2,0,1
"1210","mutY",0,0,1
"1211","narH",11,0,1
"1212","suhB",0,0,1
"1213","hcaE",1,0,1
"1214","modA",3,0,1
"1215","yfcJ",0,0,1
"1216","mreC",1,0,1
"1217","lysS",0,0,1
"1218","lysA",2,0,1
"1219","frmR",0,0,1
"1220","mrdA",0,0,1
"1221","cysD",1,0,1
"1222","fusA",2,0,1
"1223","tig",0,0,1
"1224","priB",7,0,1
"1225","prfC",0,0,1
"1226","metF",1,0,1
"1227","thrA",5,0,1
"1228","yeiR",0,0,1
"1229","purB",1,0,1
"1230","yeiB",3,0,1
"1231","tsf",1,0,1
"1232","recQ",2,0,1
"1233","kdpA",1,0,1
"1234","cobS",0,0,1
"1235","yjeT",0,0,1
"1236","rpsR",3,0,1
"1237","gutM",5,0,1
"1238","ydiJ",0,0,1
"1239","ycfZ",0,0,1
"1240","ynjD",0,0,1
"1241","yfhL",0,0,1
"1242","narJ",11,0,1
"1243","apt",0,0,1
"1244","yieH",0,0,1
"1245","cysN",1,0,1
"1246","yqeB",0,0,1
"1247","yehX",1,0,1
"1248","rstA",0,0,1
"1249","yehY",1,0,1
"1250","yccF",0,0,1
"1251","cysU",2,0,1
"1252","fepE",6,0,1
"1253","yeaW",0,0,1
"1254","ynfM",0,0,1
"1255","yidD",0,0,1
"1256","eutG",0,0,1
"1257","holD",0,0,1
"1258","cysJ",6,0,1
"1259","ybgO",0,0,1
"1260","abgT",0,0,1
"1261","yaiW",1,0,1
"1262","abgB",0,0,1
"1263","yhfA",0,0,1
"1264","abgA",0,0,1
"1265","ykgG",0,0,1
"1266","ynjE",0,0,1
"1267","uraA",1,0,1
"1268","ygeV",0,0,1
"1269","yadI",0,0,1
"1270","mhpR",1,0,1
"1271","rbsR",3,0,1
"1272","yjfN",0,0,1
"1273","dhaK",5,0,1
"1274","dhaL",1,0,1
"1275","fruA",0,0,1
"1276","astA",5,0,1
"1277","astC",7,0,1
"1278","ybaE",0,0,1
"1279","ygfZ",0,0,1
"1280","astD",5,0,1
"1281","pflD",0,0,1
"1282","ybgI",0,0,1
"1283","yqeC",0,0,1
"1284","sdaA",2,0,1
"1285","ybeL",0,0,1
"1286","ykgE",3,0,1
"1287","tolA",0,0,1
"1288","yidF",0,0,1
"1289","ybhQ",0,0,1
"1290","yihX",0,0,1
"1291","yaiZ",0,0,1
"1292","yfdY",0,0,1
"1293","yieK",0,0,1
"1294","fadA",3,0,1
"1295","yajO",0,0,1
"1296","mltA",0,0,1
"1297","yhfZ",0,0,1
"1298","yahN",0,0,1
"1299","yniA",0,0,1
"1300","astB",5,0,1
"1301","smpB",0,0,1
"1302","rpmG",0,0,1
"1303","yfbU",0,0,1
"1304","cspI",0,0,1
"1305","uspA",4,0,1
"1306","bioH",0,0,1
"1307","dhaM",1,0,1
"1308","ygcN",0,0,1
"1309","ydhQ",0,0,1
"1310","dacC",1,0,1
"1311","hdfR",0,0,1
"1312","sfsA",1,0,1
"1313","mrr",0,0,1
"1314","yqeF",0,0,1
"1315","ugpB",1,0,1
"1316","yhjV",0,0,1
"1317","ynaE",0,0,1
"1318","glgX",0,0,1
"1319","panF",0,0,1
"1320","sseA",0,0,1
"1321","sbmA",1,0,1
"1322","srmB",0,0,1
"1323","hcaD",0,0,1
"1324","yecA",0,0,1
"1325","chaC",0,0,1
"1326","yfaQ",0,0,1
"1327","tus",0,0,1
"1328","yaeH",0,0,1
"1329","rng",0,0,1
"1330","malS",3,0,1
"1331","yqjE",0,0,1
"1332","yccX",0,0,1
"1333","degQ",0,0,1
"1334","yieL",0,0,1
"1335","ypeB",0,0,1
"1336","recB",2,0,1
"1337","nrfE",4,0,1
"1338","rseC",33,0,1
"1339","lpxA",1,0,1
"1340","tktB",1,0,1
"1341","fkpA",0,0,1
"1342","nusB",5,0,1
"1343","ydbK",0,0,1
"1344","yiiS",0,0,1
"1345","yhjG",0,0,1
"1346","grxB",0,0,1
"1347","yacL",0,0,1
"1348","ycjD",0,0,1
"1349","poxB",11,0,1
"1350","aldB",2,0,1
"1351","ybhC",0,0,1
"1352","arcA",0,0,1
"1353","infC",2,0,1
"1354","nadD",0,0,1
"1355","mscL",0,0,1
"1356","ycaQ",0,0,1
"1357","agp",0,0,1
"1358","pqiA",4,0,1
"1359","fadH",1,0,1
"1360","ybeM",0,0,1
"1361","fieF",0,0,1
"1362","yjeI",0,0,1
"1363","yhfY",0,0,1
"1364","ybhF",1,0,1
"1365","hdhA",0,0,1
"1366","yrdD",0,0,1
"1367","ycbZ",0,0,1
"1368","mutT",0,0,1
"1369","yrdB",0,0,1
"1370","yjdP",0,0,1
"1371","osmE",9,0,1
"1372","pinQ",0,0,1
"1373","lepA",0,0,1
"1374","rof",0,0,1
"1375","yqjG",0,0,1
"1376","treA",0,0,1
"1377","astE",5,0,1
"1378","yheT",0,0,1
"1379","elaB",0,0,1
"1380","ccmG",6,0,1
"1381","smf",0,0,1
"1382","ackA",4,0,1
"1383","ybjP",0,0,1
"1384","yhaH",0,0,1
"1385","nusA",4,0,1
"1386","lepB",0,0,1
"1387","ygbI",0,0,1
"1388","msyB",0,0,1
"1389","hofQ",0,0,1
"1390","rplT",3,0,1
"1391","rsmC",0,0,1
"1392","selD",0,0,1
"1393","nlpI",0,0,1
"1394","ychA",0,0,1
"1395","ytfK",4,0,1
"1396","emrB",1,0,1
"1397","narI",11,0,1
"1398","tatC",0,0,1
"1399","otsB",0,0,1
"1400","yhbY",0,0,1
"1401","ybjS",0,0,1
"1402","ybiB",2,0,1
"1403","yhhA",0,0,1
"1404","mcrC",0,0,1
"1405","bioC",0,0,1
"1406","rpsL",1,0,1
"1407","proS",0,0,1
"1408","sapB",0,0,1
"1409","yfcL",0,0,1
"1410","priA",0,0,1
"1411","yecE",0,0,1
"1412","yadS",1,0,1
"1413","nagA",1,0,1
"1414","mukE",2,0,1
"1415","yfcQ",0,0,1
"1416","cysQ",0,0,1
"1417","torT",0,0,1
"1418","yfiC",0,0,1
"1419","phoQ",2,0,1
"1420","holA",0,0,1
"1421","elaA",0,0,1
"1422","livG",1,0,1
"1423","tolR",0,0,1
"1424","atoS",0,0,1
"1425","fkpB",2,0,1
"1426","bolA",3,0,1
"1427","pnp",8,0,1
"1428","yfgJ",0,0,1
"1429","yhcO",0,0,1
"1430","prc",0,0,1
"1431","dkgA",1,0,1
"1432","narL",1,0,1
"1433","pepT",0,0,1
"1434","trg",1,0,1
"1435","fadB",3,0,1
"1436","aroC",0,0,1
"1437","aroB",0,0,1
"1438","holB",0,0,1
"1439","nrdB",6,0,1
"1440","secF",0,0,1
"1441","ydcJ",0,0,1
"1442","ydfK",0,0,1
"1443","yeaH",1,0,1
"1444","ygaM",0,0,1
"1445","bioA",0,0,1
"1446","melR",1,0,1
"1447","yejO",0,0,1
"1448","pta",1,0,1
"1449","sodC",0,0,1
"1450","ecnB",1,0,1
"1451","yeaO",0,0,1
"1452","fabA",1,0,1
"1453","ycgB",0,0,1
"1454","blc",0,0,1
"1455","fadD",3,0,1
"1456","yfcG",0,0,1
"1457","recJ",5,0,1
"1458","fbaB",0,0,1
"1459","ychF",1,0,1
"1460","pdxA",0,0,1
"1461","pyrI",0,0,1
"1462","slmA",0,0,1
"1463","rluD",0,0,1
"1464","xylE",3,0,1
"1465","yjdI",0,0,1
"1466","ydcI",0,0,1
"1467","rihB",0,0,1
"1468","ydbL",0,0,1
"1469","ldhA",0,0,1
"1470","ssuB",4,0,1
"1471","yggF",0,0,1
"1472","ytjA",0,0,1
"1473","yidE",0,0,1
"1474","rbfA",4,0,1
"1475","yjfY",0,0,1
"1476","yohJ",0,0,1
"1477","csgC",16,0,1
"1478","ynfN",0,0,1
"1479","ymgE",0,0,1
"1480","gspF",2,0,1
"1481","iclR",0,0,1
"1482","flgA",2,0,1
"1483","proW",7,0,1
"1484","flhB",2,0,1
"1485","csdA",0,0,1
"1486","ribF",0,0,1
"1487","yjdC",0,0,1
"1488","msbA",0,0,1
"1489","narX",2,0,1
"1490","aspS",0,0,1
"1491","asnS",0,0,1
"1492","otsA",0,0,1
"1493","ybdG",0,0,1
"1494","leuS",0,0,1
"1495","folC",0,0,1
"1496","hscB",0,0,1
"1497","parC",0,0,1
"1498","cof",0,0,1
"1499","yciK",0,0,1
"1500","ftsN",0,0,1
"1501","yciT",0,0,1
"1502","accA",3,0,1
"1503","ispH",2,0,1
"1504","rpoD",2,0,1
"1505","ansP",0,0,1
"1506","yhhS",0,0,1
"1507","ligA",0,0,1
"1508","pepA",0,0,1
"1509","trkH",0,0,1
"1510","sapA",0,0,1
"1511","cysS",0,0,1
"1512","topA",5,0,1
"1513","ynfC",0,0,1
"1514","ybaB",0,0,1
"1515","waaQ",0,0,1
"1516","sbcD",2,0,1
"1517","glmS",1,0,1
"1518","yheS",0,0,1
"1519","udk",0,0,1
"1520","nupC",3,0,1
"1521","glyQ",0,0,1
"1522","dsbD",0,0,1
"1523","hisS",0,0,1
"1524","rfbB",0,0,1
"1525","bcp",0,0,1
"1526","pspE",2,0,1
"1527","ybjL",0,0,1
"1528","nhaR",6,0,1
"1529","dsbG",0,0,1
"1530","ypjD",0,0,1
"1531","pheT",0,0,1
"1532","rpmA",3,0,1
"1533","waaG",0,0,1
"1534","fabF",0,0,1
"1535","ydbJ",0,0,1
"1536","waaA",1,0,1
"1537","menE",0,0,1
"1538","yobD",0,0,1
"1539","creB",3,0,1
"1540","narP",0,0,1
"1541","yciA",0,0,1
"1542","prfA",8,0,1
"1543","valS",2,0,1
"1544","yibN",2,0,1
"1545","dacA",0,0,1
"1546","recF",2,0,1
"1547","evgS",5,0,1
"1548","ileS",2,0,1
"1549","ispG",0,0,1
"1550","gyrA",5,0,1
"1551","yqaA",0,0,1
"1552","rfbA",0,0,1
"1553","yjjA",0,0,1
"1554","blr",0,0,1
"1555","katE",1,0,1
"1556","ibpA",2,0,1
"1557","lolB",0,0,1
"1558","yggT",0,0,1
"1559","ydgK",0,0,1
"1560","yccS",0,0,1
"1561","sspB",0,0,1
"1562","proY",0,0,1
"1563","yjeH",2,0,1
"1564","ybcI",0,0,1
"1565","acrD",4,0,1
"1566","holC",0,0,1
"1567","acpT",0,0,1
"1568","dacB",0,0,1
"1569","accB",1,0,1
"1570","dnaE",0,0,1
"1571","rdgC",0,0,1
"1572","yehM",0,0,1
"1573","usg",0,0,1
"1574","gudD",0,0,1
"1575","nrdA",6,0,1
"1576","ygeA",3,0,1
"1577","evgA",2,0,1
"1578","aat",0,0,1
"1579","rpsU",4,0,1
"1580","yfcO",0,0,1
"1581","ispD",0,0,1
"1582","tdk",0,0,1
"1583","aroK",1,0,1
"1584","aphA",0,0,1
"1585","truB",4,0,1
"1586","tyrP",4,0,1
"1587","trxC",1,0,1
"1588","purE",1,0,1
"1589","hycH",7,0,1
"1590","ibpB",8,0,1
"1591","glpG",0,0,1
"1592","ucpA",0,0,1
"1593","ygdD",0,0,1
"1594","fhuA",1,0,1
"1595","artQ",2,0,1
"1596","yqgF",0,0,1
"1597","sbmC",0,0,1
"1598","yfaA",0,0,1
"1599","hisA",2,0,1
"1600","yghW",0,0,1
"1601","ygbA",0,0,1
"1602","rnhB",0,0,1
"1603","waaC",5,0,1
"1604","infB",4,0,1
"1605","yceJ",2,0,1
"1606","yigL",0,0,1
"1607","frwC",0,0,1
"1608","dgoK",3,0,1
"1609","dgoA",3,0,1
"1610","ybgS",0,0,1
"1611","hcaB",0,0,1
"1612","recX",2,0,1
"1613","nac",3,0,1
"1614","yigB",0,0,1
"1615","appY",5,0,1
"1616","bioF",0,0,1
"1617","mtr",7,0,1
"1618","yaeF",0,0,1
"1619","bcsC",0,0,1
"1620","yegS",0,0,1
"1621","yigZ",0,0,1
"1622","exuR",4,0,1
"1623","yicH",0,0,1
"1624","fxsA",0,0,1
"1625","yciU",0,0,1
"1626","lexA",0,0,1
"1627","yfaS",0,0,1
"1628","yaaX",0,0,1
"1629","talA",1,0,1
"1630","galU",0,0,1
"1631","asnC",0,0,1
"1632","trpE",3,0,1
"1633","pfkB",0,0,1
"1634","fbp",0,0,1
"1635","bfr",0,0,1
"1636","ugpA",1,0,1
"1637","ascG",0,0,1
"1638","ybaY",0,0,1
"1639","sgcX",0,0,1
"1640","cadC",6,0,1
"1641","ydhK",0,0,1
"1642","yliI",0,0,1
"1643","yeaG",2,0,1
"1644","ybaQ",0,0,1
"1645","chaB",0,0,1
"1646","dcrB",0,0,1
"1647","sapF",0,0,1
"1648","ypfJ",0,0,1
"1649","ycaN",0,0,1
"1650","yggE",0,0,1
"1651","yjjV",0,0,1
"1652","yohC",0,0,1
"1653","yaeR",0,0,1
"1654","yjbJ",0,0,1
"1655","ssuC",4,0,1
"1656","ssuA",4,0,1
"1657","narK",12,0,1
"1658","ssuE",5,0,1
"1659","degP",1,0,1
"1660","ydeM",3,0,1
"1661","metB",1,0,1
"1662","mazG",4,0,1
"1663","yfiR",2,0,1
"1664","rpmI",5,0,1
"1665","nuoM",14,0,1
"1666","pbpG",0,0,1
"1667","ygjK",0,0,1
"1668","cysI",4,0,1
"1669","holE",0,0,1
"1670","dmsC",12,0,1
"1671","dppF",7,0,1
"1672","thiG",0,0,1
"1673","thiF",0,0,1
"1674","thiH",0,0,1
"1675","thiE",0,0,1
"1676","cpxP",3,0,1
"1677","thiC",0,0,1
"1678","thiS",0,0,1
"1679","sohB",3,0,1
"1680","bioD",0,0,1
"1681","yneJ",0,0,1
"1682","mltD",0,0,1
"1683","gnsB",0,0,1
"1684","accC",3,0,1
"1685","ycaP",0,0,1
"1686","ycaD",0,0,1
"1687","yegP",0,0,1
"1688","ubiX",1,0,1
"1689","allB",0,0,1
"1690","kch",0,0,1
"1691","cspE",5,0,1
"1692","yegZ",0,0,1
"1693","tadA",0,0,1
"1694","amiA",3,0,1
"1695","carB",6,0,1
"1696","ampG",0,0,1
"1697","cysB",1,0,1
"1698","uxaB",3,0,1
"1699","cysP",2,0,1
"1700","ykiA",0,0,1
"1701","yfeR",0,0,1
"1702","araH",5,0,1
"1703","yahK",0,0,1
"1704","ybiO",0,0,1
"1705","yohF",0,0,1
"1706","ydeI",0,0,1
"1707","pphA",1,0,1
"1708","gcl",0,0,1
"1709","yghA",0,0,1
"1710","ydfE",0,0,1
"1711","ldcC",0,0,1
"1712","ydeJ",1,0,1
"1713","yrbL",1,0,1
"1714","dsdX",2,0,1
"1715","asnB",1,0,1
"1716","ssnA",1,0,1
"1717","dppD",7,0,1
"1718","bglB",18,0,1
"1719","ygiV",0,0,1
"1720","yhjD",0,0,1
"1721","ybhP",0,0,1
"1722","yncG",0,0,1
"1723","ybcM",0,0,1
"1724","yqjK",0,0,1
"1725","gntP",5,0,1
"1726","artJ",1,0,1
"1727","yqcA",0,0,1
"1728","yibJ",0,0,1
"1729","frmB",0,0,1
"1730","uxuA",9,0,1
"1731","argD",1,0,1
"1732","lpxC",5,0,1
"1733","ydjF",0,0,1
"1734","dksA",1,0,1
"1735","uidA",1,0,1
"1736","ompA",1,0,1
"1737","ydgC",0,0,1
"1738","pcm",0,0,1
"1739","ymgD",0,0,1
"1740","argR",1,0,1
"1741","ychN",0,0,1
"1742","caiF",6,0,1
"1743","narQ",0,0,1
"1744","yibA",0,0,1
"1745","yahB",0,0,1
"1746","mtlA",4,0,1
"1747","ygjR",0,0,1
"1748","yfjD",0,0,1
"1749","dgkA",0,0,1
"1750","ybjQ",0,0,1
"1751","dctA",4,0,1
"1752","soxR",4,0,1
"1753","ftsX",0,0,1
"1754","glyS",0,0,1
"1755","yddM",0,0,1
"1756","def",0,0,1
"1757","ydcH",0,0,1
"1758","yhfG",0,0,1
"1759","xylA",3,0,1
"1760","nanT",5,0,1
"1761","sbp",0,0,1
"1762","ytfH",0,0,1
"1763","sixA",2,0,1
"1764","yeiQ",0,0,1
"1765","mgtA",0,0,1
"1766","ugpQ",1,0,1
"1767","aceA",6,0,1
"1768","ydcT",1,0,1
"1769","rpoN",3,0,1
"1770","arcB",0,0,1
"1771","dppB",8,0,1
"1772","aceB",9,0,1
"1773","ugd",0,0,1
"1774","dnaX",0,0,1
"1775","ftsI",5,0,1
"1776","iscS",2,0,1
"1777","dppA",11,0,1
"1778","glgP",5,0,1
"1779","yfbV",0,0,1
"1780","yfeY",0,0,1
"1781","ygiN",0,0,1
"1782","yibH",0,0,1
"1783","trxB",2,0,1
"1784","ypdC",0,0,1
"1785","araG",5,0,1
"1786","nanA",3,0,1
"1787","yggN",0,0,1
"1788","yciW",1,0,1
"1789","csiE",4,0,1
"1790","yeeY",0,0,1
"1791","nagE",1,0,1
"1792","yfcH",0,0,1
"1793","rob",1,0,1
"1794","yaiO",0,0,1
"1795","gltS",0,0,1
"1796","nlpC",0,0,1
"1797","ytfB",0,0,1
"1798","xylB",3,0,1
"1799","fic",0,0,1
"1800","ybhL",1,0,1
"1801","hns",6,0,1
"1802","yihI",0,0,1
"1803","rhaD",4,0,1
"1804","yhjB",0,0,1
"1805","ybiI",0,0,1
"1806","yniB",0,0,1
"1807","yqiB",0,0,1
"1808","mtlD",4,0,1
"1809","ubiF",0,0,1
"1810","hycI",7,0,1
"1811","folA",4,0,1
"1812","folX",0,0,1
"1813","yhhT",0,0,1
"1814","ybdK",0,0,1
"1815","kdpE",0,0,1
"1816","rhsA",0,0,1
"1817","fabB",1,0,1
"1818","fur",5,0,1
"1819","ycgN",0,0,1
"1820","yiiM",0,0,1
"1821","leuL",5,0,1
"1822","ydiO",0,0,1
"1823","cpdA",0,0,1
"1824","yiiR",0,0,1
"1825","yeeO",0,0,1
"1826","ygbK",2,0,1
"1827","ribC",0,0,1
"1828","ribB",0,0,1
"1829","ytfQ",0,0,1
"1830","yghB",0,0,1
"1831","yifL",0,0,1
"1832","garK",4,0,1
"1833","yqgA",0,0,1
"1834","yfgI",0,0,1
"1835","ftsL",5,0,1
"1836","yejA",0,0,1
"1837","talB",0,0,1
"1838","ubiA",14,0,1
"1839","ydcA",0,0,1
"1840","ydcK",0,0,1
"1841","lrhA",0,0,1
"1842","rhsB",0,0,1
"1843","thrL",3,0,1
"1844","treF",0,0,1
"1845","yjgA",0,0,1
"1846","yfhM",0,0,1
"1847","mioC",3,0,1
"1848","rpmE",0,0,1
"1849","lpp",0,0,1
"1850","ubiG",1,0,1
"1851","yiaF",0,0,1
"1852","slyA",0,0,1
"1853","yfdE",2,0,1
"1854","ycgI",0,0,1
"1855","galR",1,0,1
"1856","ycbJ",0,0,1
"1857","ytfR",0,0,1
"1858","gor",3,0,1
"1859","ygjH",0,0,1
"1860","clpP",3,0,1
"1861","yeaY",0,0,1
"1862","yoaC",0,0,1
"1863","yibI",0,0,1
"1864","nagB",1,0,1
"1865","yafQ",7,0,1
"1866","rna",0,0,1
"1867","cmtA",0,0,1
"1868","yjiJ",0,0,1
"1869","kdpD",0,0,1
"1870","ycaL",0,0,1
"1871","helD",0,0,1
"1872","yaiT",0,0,1
"1873","rtcB",3,0,1
"1874","setA",6,0,1
"1875","uidC",1,0,1
"1876","psd",1,0,1
"1877","uidB",1,0,1
"1878","yqhC",0,0,1
"1879","yraJ",0,0,1
"1880","hemL",0,0,1
"1881","yecH",0,0,1
"1882","eutB",0,0,1
"1883","ycaI",0,0,1
"1884","eutC",0,0,1
"1885","yphA",0,0,1
"1886","ybdD",0,0,1
"1887","lacA",3,0,1
"1888","ygfB",0,0,1
"1889","tam",2,0,1
"1890","ydcY",0,0,1
"1891","ispZ",0,0,1
"1892","yihS",1,0,1
"1893","yidQ",1,0,1
"1894","yajD",0,0,1
"1895","ada",1,0,1
"1896","uxaA",4,0,1
"1897","greB",0,0,1
"1898","yafC",0,0,1
"1899","ptsN",3,0,1
"1900","ilvL",1,0,1
"1901","phoR",2,0,1
"1902","rbn",1,0,1
"1903","ugpE",1,0,1
"1904","uvrA",3,0,1
"1905","pgpA",2,0,1
"1906","yabI",0,0,1
"1907","argG",2,0,1
"1908","acpP",2,0,1
"1909","frr",0,0,1
"1910","crp",1,0,1
"1911","fldB",1,0,1
"1912","feaR",3,0,1
"1913","fucU",4,0,1
"1914","intB",0,0,1
"1915","ydcS",0,0,1
"1916","glk",1,0,1
"1917","slyD",0,0,1
"1918","yhhW",0,0,1
"1919","garP",4,0,1
"1920","norV",1,0,1
"1921","yfeS",0,0,1
"1922","csrA",4,0,1
"1923","hfq",3,0,1
"1924","frmA",0,0,1
"1925","marA",19,0,1
"1926","rprA",0,0,1
"1927","phoP",0,0,1
"1928","rclB",0,0,1
"1929","tsuA",0,0,1
"1930","tsuB",0,0,1
"1931","hiuH",4,0,1
"1932","msrP",4,0,1
"1933","msrQ",4,0,1
"1934","yjgH",0,0,1
"1935","bdcA",0,0,1
"1936","yfcF",0,0,1
"1937","recN",3,0,1
"1938","nfo",6,0,1
"1939","hscA",0,0,1
"1940","iscX",0,0,1
"1941","cbl",5,0,1
"1942","cysC",1,0,1
"1943","cysH",4,0,1
"1944","cysA",2,0,1
"1945","cysW",2,0,1
"1946","bhsA",5,0,1
"1947","ldtC",1,0,1
"1948","comR",0,0,1
"1949","kefC",0,0,1
"1950","tcyN",0,0,1
"1951","msrP",4,0,1
"1952","msrQ",4,0,1
"1953","cynT",2,0,1
"1954","cynS",1,0,1
"1955","cynX",1,0,1
"1956","yqhG",0,0,1
"1957","arnB",0,0,1
"1958","yjcH",12,0,1
"1959","trpC",3,0,1
"1960","cspB",0,0,1
"1961","ygeY",0,0,1
"1962","hyuA",0,0,1
"1963","xdhD",0,0,1
"1964","flu",3,0,1
"1965","ygfM",0,0,1
"1966","mokA",0,0,1
"1967","ygeX",0,0,1
"1968","cspB",0,0,1
"1969","fimF",8,0,1
"1970","ygaY",0,0,1
"1971","ttcC",0,0,1
"1972","ompF",14,0,1
"1973","puuA",4,0,1
"1974","yceK",0,0,1
"1975","uspG",0,0,1
"1976","xanP",0,0,1
"1977","ymdF",0,0,1
"1978","cbpM",2,0,1
"1979","yncL",0,0,1
"1980","metH",2,0,1
"1981","wcaF",0,0,1
"1982","waaH",1,0,1
"1983","ytfF",0,0,1
"1984","btsT",2,0,1
"1985","hyfD",6,0,1
"1986","rutD",1,0,1
"1987","aas",0,0,1
"1988","trmJ",0,0,1
"1989","tmk",0,0,1
"1990","pspF",0,0,1
"1991","yfaX",0,0,1
"1992","oxyR",4,0,1
"1993","btsT",2,0,1
"1994","glnQ",9,0,1
"1995","ddpF",1,0,1
"1996","ydeN",4,0,1
"1997","yeaV",0,0,1
"1998","fruB",0,0,1
"1999","focB",6,0,1
"2000","lgoT",0,0,1
"2001","ivy",0,0,1
"2002","yaiY",2,0,1
"2003","ldtB",0,0,1
"2004","ycfJ",0,0,1
"2005","ydcF",0,0,1
"2006","mgrB",0,0,1
"2007","letB",0,0,1
"2008","yodD",0,0,1
"2009","rcsD",1,0,1
"2010","hda",0,0,1
"2011","pgpC",0,0,1
"2012","kbp",1,0,1
"2013","ygaP",0,0,1
"2014","lplT",0,0,1
"2015","yhdN",0,0,1
"2016","yhiJ",0,0,1
"2017","yicN",0,0,1
"2018","psiE",2,0,1
"2019","yjcB",0,0,1
"2020","pdeC",0,0,1
"2021","qorB",0,0,1
"2022","bglJ",3,0,1
"2023","hisC",0,0,1
"2024","livK",0,0,1
"2025","tesA",0,0,1
"2026","trpD",3,0,1
"2027","tcyL",0,0,1
"2028","garD",0,0,1
"2029","garL",4,0,1
"2030","sgbH",10,0,1
"2031","uxuB",9,0,1
"2032","hcxB",0,0,1
"2033","rihA",0,0,1
"2034","rihC",0,0,1
"2035","ccmC",6,0,1
"2036","nohD",0,0,1
"2037","sbcB",0,0,1
"2038","insH10",0,0,1
"2039","insH11",0,0,1
"2040","insH3",0,0,1
"2041","insH4",0,0,1
"2042","insH5",0,0,1
"2043","insH6",0,0,1
"2044","insH7",0,0,1
"2045","insH8",0,0,1
"2046","insH9",0,0,1
"2047","dgcT",2,0,1
"2048","fabR",0,0,1
"2049","grcA",8,0,1
"2050","cdaR",0,0,1
"2051","alaE",0,0,1
"2052","yhcE",0,0,1
"2053","iraD",7,0,1
"2054","ymfL",0,0,1
"2055","crcB",0,0,1
"2056","feoA",6,0,1
"2057","fimB",11,0,1
"2058","lrp",10,0,1
"2059","nlpD",0,0,1
"2060","relB",1,0,1
"2061","relE",1,0,1
"2062","ruvA",0,0,1
"2063","sdiA",2,0,1
"2064","yajI",0,0,1
"2065","ybbC",0,0,1
"2066","ybcW",0,0,1
"2067","ycgJ",0,0,1
"2068","ycgL",0,0,1
"2069","ycgZ",3,0,1
"2070","ychE",0,0,1
"2071","ydcD",0,0,1
"2072","yefM",1,0,1
"2073","ygaC",1,0,1
"2074","yhhX",0,0,1
"2075","yiiF",0,0,1
"2076","lspA",2,0,1
"2077","nuoE",14,0,1
"2078","nuoF",14,0,1
"2079","pgk",4,0,1
"2080","rfbX",0,0,1
"2081","thyA",0,0,1
"2082","tktA",0,0,1
"2083","ybiW",0,0,1
"2084","yedF",0,0,1
"2085","accD",3,0,1
"2086","agaR",0,0,1
"2087","allR",0,0,1
"2088","chpS",0,0,1
"2089","cobU",0,0,1
"2090","corA",0,0,1
"2091","creA",4,0,1
"2092","cybB",0,0,1
"2093","dicA",0,0,1
"2094","dsrB",0,0,1
"2095","dtd",0,0,1
"2096","flxA",0,0,1
"2097","ftsE",0,0,1
"2098","ftsY",0,0,1
"2099","hipB",6,0,1
"2100","hisL",0,0,1
"2101","intF",0,0,1
"2102","mobA",0,0,1
"2103","mobB",0,0,1
"2104","ogrK",0,0,1
"2105","panD",1,0,1
"2106","pdxJ",0,0,1
"2107","ssb",3,0,1
"2108","sulA",3,0,1
"2109","tfaS",0,0,1
"2110","umuD",2,0,1
"2111","yacC",0,0,1
"2112","yciN",0,0,1
"2113","yebG",2,0,1
"2114","yedJ",0,0,1
"2115","yeiS",0,0,1
"2116","yfdK",0,0,1
"2117","yhaJ",0,0,1
"2118","yhbP",0,0,1
"2119","yhhM",0,0,1
"2120","yibL",0,0,1
"2121","yidB",0,0,1
"2122","yifN",0,0,1
"2123","yihD",0,0,1
"2124","yjaG",0,0,1
"2125","yjbD",0,0,1
"2126","yjdJ",0,0,1
"2127","yjjX",0,0,1
"2128","ykgJ",0,0,1
"2129","ymfK",0,0,1
"2130","ymgA",3,0,1
"2131","ynjH",2,0,1
"2132","yoaF",0,0,1
"2133","yoaH",0,0,1
"2134","yrdA",0,0,1
"2135","zipA",0,0,1
"2136","alaX",1,0,1
"2137","ansA",0,0,1
"2138","argQ",0,0,1
"2139","argZ",0,0,1
"2140","artI",2,0,1
"2141","artP",2,0,1
"2142","fbaA",4,0,1
"2143","glnS",2,0,1
"2144","glnW",1,0,1
"2145","gltT",10,0,1
"2146","gltU",7,0,1
"2147","gltV",6,0,1
"2148","gltW",6,0,1
"2149","ileT",7,0,1
"2150","ileU",6,0,1
"2151","leuW",1,0,1
"2152","lysQ",0,0,1
"2153","lysT",1,0,1
"2154","lysW",1,0,1
"2155","lysY",0,0,1
"2156","lysZ",0,0,1
"2157","malE",11,0,1
"2158","metT",2,0,1
"2159","metU",1,0,1
"2160","nuoA",16,0,1
"2161","nuoB",14,0,1
"2162","oppA",4,0,1
"2163","pepQ",0,0,1
"2164","potC",0,0,1
"2165","pssA",0,0,1
"2166","rfaD",6,0,1
"2167","ribE",3,0,1
"2168","serT",1,0,1
"2169","thrV",6,0,1
"2170","tyrT",1,0,1
"2171","tyrV",1,0,1
"2172","yfdH",0,0,1
"2173","yfaZ",0,0,1
"2174","ampD",0,0,1
"2175","cueR",0,0,1
"2176","intR",0,0,1
"2177","priC",0,0,1
"2178","seqA",0,0,1
"2179","yajG",0,0,1
"2180","ytfP",0,0,1
