"","V1","FBL","No_FBL","Inhibiting","Activating"
"1","cfa",0,1,0,0
"2","yeaQ",0,1,0,0
"3","ompC",0,1,0,0
"4","slp",0,1,0,0
"5","hdeB",0,1,0,0
"6","hdeD",0,1,0,0
"7","osmY",0,1,0,0
"8","cbpA",0,1,0,0
"9","hdeA",0,1,0,0
"10","yahO",0,1,0,0
"11","yccJ",0,1,0,0
"12","asr",0,1,0,0
"13","ydiZ",0,1,0,0
"14","yebV",0,1,0,0
"15","yhiM",0,1,0,0
"16","wrbA",0,1,0,0
"17","ycaC",0,1,0,0
"18","gadB",0,1,0,0
"19","gadA",0,1,0,0
"20","yiaG",0,1,0,0
"21","dps",0,1,0,0
"22","ybaT",0,1,0,0
"23","aceK",0,1,0,0
"24","acnA",0,1,0,0
"25","add",0,1,0,0
"26","ahpF",0,1,0,0
"27","alaT",0,1,0,0
"28","alaU",0,1,0,0
"29","aroA",0,1,0,0
"30","aroH",0,1,0,0
"31","aroP",0,1,0,0
"32","bcsE",0,1,0,0
"33","cyaA",0,1,0,0
"34","cyoB",0,1,0,0
"35","dadA",0,1,0,0
"36","dadX",0,1,0,0
"37","acrR",0,1,0,0
"38","atpH",0,1,0,0
"39","bax",0,1,0,0
"40","bioB",0,1,0,0
"41","borD",0,1,0,0
"42","btuB",0,1,0,0
"43","cirA",0,1,0,0
"44","cpxA",0,1,0,0
"45","cpxR",1,0,0.4,0.6
"46","dcuR",0,1,0,0
"47","artM",0,1,0,0
"48","asnA",0,1,0,0
"49","aspA",0,1,0,0
"50","atpA",0,1,0,0
"51","atpB",0,1,0,0
"52","atpC",0,1,0,0
"53","atpD",0,1,0,0
"54","atpE",0,1,0,0
"55","atpF",0,1,0,0
"56","atpG",0,1,0,0
"57","atpI",0,1,0,0
"58","aer",0,1,0,0
"59","cca",0,1,0,0
"60","cdd",0,1,0,0
"61","cheA",0,1,0,0
"62","cheB",0,1,0,0
"63","cheR",0,1,0,0
"64","cheW",0,1,0,0
"65","cheY",0,1,0,0
"66","cheZ",0,1,0,0
"67","clpB",0,1,0,0
"68","clpX",0,1,0,0
"69","deoA",0,1,0,0
"70","deoB",0,1,0,0
"71","deoC",0,1,0,0
"72","deoD",0,1,0,0
"73","dapB",0,1,0,0
"74","dcyD",0,1,0,0
"75","edd",0,1,0,0
"76","eno",0,1,0,0
"77","fdoG",0,1,0,0
"78","fimA",0,1,0,0
"79","fimC",0,1,0,0
"80","fimI",0,1,0,0
"81","flgH",0,1,0,0
"82","flhA",0,1,0,0
"83","flhE",0,1,0,0
"84","fliP",0,1,0,0
"85","fliQ",0,1,0,0
"86","fliR",0,1,0,0
"87","fumA",0,1,0,0
"88","gapC",0,1,0,0
"89","dcuS",0,1,0,0
"90","dppC",0,1,0,0
"91","dusA",0,1,0,0
"92","eco",0,1,0,0
"93","fdhD",0,1,0,0
"94","fhuD",0,1,0,0
"95","folP",0,1,0,0
"96","frdA",0,1,0,0
"97","frdC",0,1,0,0
"98","ftnB",0,1,0,0
"99","fucI",0,1,0,0
"100","gcvH",0,1,0,0
"101","carA",0,1,0,0
"102","coaA",0,1,0,0
"103","codB",0,1,0,0
"104","cspD",0,1,0,0
"105","cvpA",0,1,0,0
"106","cydA",0,1,0,0
"107","cydB",0,1,0,0
"108","cydC",0,1,0,0
"109","cydD",0,1,0,0
"110","dnaJ",0,1,0,0
"111","dnaK",0,1,0,0
"112","dsbC",0,1,0,0
"113","fdoH",0,1,0,0
"114","flgB",0,1,0,0
"115","flgC",0,1,0,0
"116","flgD",0,1,0,0
"117","flgE",0,1,0,0
"118","flgF",0,1,0,0
"119","flgG",0,1,0,0
"120","flgI",0,1,0,0
"121","flgJ",0,1,0,0
"122","flgK",0,1,0,0
"123","flgL",0,1,0,0
"124","gatA",0,1,0,0
"125","gatB",0,1,0,0
"126","gatC",0,1,0,0
"127","gatD",0,1,0,0
"128","gatZ",0,1,0,0
"129","glcC",0,1,0,0
"130","gltA",0,1,0,0
"131","gltB",0,1,0,0
"132","gltD",0,1,0,0
"133","gpmA",0,1,0,0
"134","grxA",0,1,0,0
"135","gshA",0,1,0,0
"136","gshB",0,1,0,0
"137","hemB",0,1,0,0
"138","hsdR",0,1,0,0
"139","hsdS",0,1,0,0
"140","hslJ",0,1,0,0
"141","iap",0,1,0,0
"142","idi",0,1,0,0
"143","ispF",0,1,0,0
"144","kgtP",0,1,0,0
"145","lipA",0,1,0,0
"146","lldD",0,1,0,0
"147","lpxD",0,1,0,0
"148","lysC",0,1,0,0
"149","map",0,1,0,0
"150","marB",0,1,0,0
"151","marR",1,0,1,0
"152","mdaB",0,1,0,0
"153","mdtG",0,1,0,0
"154","menF",0,1,0,0
"155","metN",0,1,0,0
"156","mltC",0,1,0,0
"157","mqo",0,1,0,0
"158","murE",0,1,0,0
"159","murF",0,1,0,0
"160","nfsA",0,1,0,0
"161","nuoC",0,1,0,0
"162","nuoN",0,1,0,0
"163","pdhR",0,1,0,0
"164","pdxY",0,1,0,0
"165","proP",0,1,0,0
"166","rbsA",0,1,0,0
"167","rbsC",0,1,0,0
"168","rcsA",0,1,0,0
"169","rimI",0,1,0,0
"170","rpoE",1,0,0,1
"171","rseA",0,1,0,0
"172","rseB",0,1,0,0
"173","sdhA",0,1,0,0
"174","sdhB",0,1,0,0
"175","serV",0,1,0,0
"176","gcvT",0,1,0,0
"177","glgS",0,1,0,0
"178","glpA",0,1,0,0
"179","hflC",0,1,0,0
"180","hflK",0,1,0,0
"181","hflX",0,1,0,0
"182","htpX",0,1,0,0
"183","ilvB",0,1,0,0
"184","ilvG",0,1,0,0
"185","ilvN",0,1,0,0
"186","ivbL",0,1,0,0
"187","katG",0,1,0,0
"188","maa",0,1,0,0
"189","manX",0,1,0,0
"190","mhpC",0,1,0,0
"191","miaA",0,1,0,0
"192","mutL",0,1,0,0
"193","nadA",0,1,0,0
"194","nmpC",0,1,0,0
"195","nrdD",0,1,0,0
"196","nrdG",0,1,0,0
"197","yjdM",0,1,0,0
"198","pitA",0,1,0,0
"199","pntA",0,1,0,0
"200","ppiA",0,1,0,0
"201","pppA",0,1,0,0
"202","proV",0,1,0,0
"203","purD",0,1,0,0
"204","purL",0,1,0,0
"205","purN",0,1,0,0
"206","putA",0,1,0,0
"207","recR",0,1,0,0
"208","rpoH",1,0,0,1
"209","rzpD",0,1,0,0
"210","sdaB",0,1,0,0
"211","sdaC",0,1,0,0
"212","secD",0,1,0,0
"213","dedA",0,1,0,0
"214","dinI",0,1,0,0
"215","dinJ",0,1,0,0
"216","eptB",0,1,0,0
"217","fadL",0,1,0,0
"218","folD",0,1,0,0
"219","fucR",0,1,0,0
"220","glmU",0,1,0,0
"221","glpB",0,1,0,0
"222","glpC",0,1,0,0
"223","flgM",0,1,0,0
"224","flgN",0,1,0,0
"225","fliA",1,0,0,1
"226","fliC",0,1,0,0
"227","fliD",0,1,0,0
"228","fliE",0,1,0,0
"229","fliF",0,1,0,0
"230","fliG",0,1,0,0
"231","fliH",0,1,0,0
"232","fliI",0,1,0,0
"233","fliJ",0,1,0,0
"234","fliK",0,1,0,0
"235","fliL",0,1,0,0
"236","fliM",0,1,0,0
"237","fliN",0,1,0,0
"238","fliO",0,1,0,0
"239","glpX",0,1,0,0
"240","glyA",0,1,0,0
"241","hisF",0,1,0,0
"242","hisH",0,1,0,0
"243","hisI",0,1,0,0
"244","hisJ",0,1,0,0
"245","ispE",0,1,0,0
"246","malT",0,1,0,0
"247","fliS",0,1,0,0
"248","fliT",0,1,0,0
"249","fliZ",1,0,1,0
"250","galM",0,1,0,0
"251","gdhA",0,1,0,0
"252","yhgH",0,1,0,0
"253","groL",0,1,0,0
"254","groS",0,1,0,0
"255","grpE",0,1,0,0
"256","hslO",0,1,0,0
"257","hslU",0,1,0,0
"258","hslV",0,1,0,0
"259","htpG",0,1,0,0
"260","ygiM",0,1,0,0
"261","osmB",0,1,0,0
"262","potD",0,1,0,0
"263","purA",0,1,0,0
"264","purC",0,1,0,0
"265","purH",0,1,0,0
"266","purK",0,1,0,0
"267","purM",0,1,0,0
"268","pyrB",0,1,0,0
"269","pyrC",0,1,0,0
"270","pyrL",0,1,0,0
"271","lipB",0,1,0,0
"272","lon",0,1,0,0
"273","modB",0,1,0,0
"274","motA",0,1,0,0
"275","motB",0,1,0,0
"276","nhaB",0,1,0,0
"277","nlpA",0,1,0,0
"278","nupG",0,1,0,0
"279","ompT",0,1,0,0
"280","prlC",0,1,0,0
"281","rbsB",0,1,0,0
"282","rbsD",0,1,0,0
"283","rbsK",0,1,0,0
"284","ymcE",0,1,0,0
"285","sthA",0,1,0,0
"286","sucA",0,1,0,0
"287","sucD",0,1,0,0
"288","tas",0,1,0,0
"289","tehA",0,1,0,0
"290","thrC",0,1,0,0
"291","trpB",0,1,0,0
"292","uspD",0,1,0,0
"293","xseA",0,1,0,0
"294","yagU",0,1,0,0
"295","ybaK",0,1,0,0
"296","ybfD",0,1,0,0
"297","ybjC",0,1,0,0
"298","tatD",0,1,0,0
"299","tgt",0,1,0,0
"300","tnaB",0,1,0,0
"301","tnaC",0,1,0,0
"302","treB",0,1,0,0
"303","treC",0,1,0,0
"304","ubiB",0,1,0,0
"305","yagE",0,1,0,0
"306","yajC",0,1,0,0
"307","ybaL",0,1,0,0
"308","ybfA",0,1,0,0
"309","ybjN",0,1,0,0
"310","ycfP",0,1,0,0
"311","ydgD",0,1,0,0
"312","ydiH",0,1,0,0
"313","yecD",0,1,0,0
"314","yejG",0,1,0,0
"315","yfcA",0,1,0,0
"316","yfcD",0,1,0,0
"317","yfcE",0,1,0,0
"318","yfjF",0,1,0,0
"319","ygbE",0,1,0,0
"320","yccA",0,1,0,0
"321","ydhF",0,1,0,0
"322","ygaH",0,1,0,0
"323","ygaZ",0,1,0,0
"324","ygdR",0,1,0,0
"325","yghG",0,1,0,0
"326","yghJ",0,1,0,0
"327","ygiB",0,1,0,0
"328","ygdQ",0,1,0,0
"329","ygiW",0,1,0,0
"330","yhcN",0,1,0,0
"331","yheO",0,1,0,0
"332","yieE",0,1,0,0
"333","yieF",0,1,0,0
"334","yigI",0,1,0,0
"335","yjeM",0,1,0,0
"336","yjjU",0,1,0,0
"337","ykgA",0,1,0,0
"338","ylaC",0,1,0,0
"339","yncD",0,1,0,0
"340","yodC",0,1,0,0
"341","yraQ",0,1,0,0
"342","yhaL",0,1,0,0
"343","yhiI",0,1,0,0
"344","yjiA",0,1,0,0
"345","yjiX",0,1,0,0
"346","ykfF",0,1,0,0
"347","ylbF",0,1,0,0
"348","yncE",0,1,0,0
"349","yqjA",0,1,0,0
"350","yqjC",0,1,0,0
"351","yqjD",0,1,0,0
"352","ytfJ",0,1,0,0
"353","recA",0,1,0,0
"354","rnk",0,1,0,0
"355","serU",0,1,0,0
"356","slt",0,1,0,0
"357","speA",0,1,0,0
"358","speD",0,1,0,0
"359","spy",0,1,0,0
"360","tatA",0,1,0,0
"361","tatB",0,1,0,0
"362","ubiE",0,1,0,0
"363","uvrY",0,1,0,0
"364","yciB",0,1,0,0
"365","yciC",0,1,0,0
"366","yciI",0,1,0,0
"367","yebE",0,1,0,0
"368","ygiC",0,1,0,0
"369","yihA",0,1,0,0
"370","yijD",0,1,0,0
"371","ynfD",0,1,0,0
"372","yqaE",0,1,0,0
"373","yqgB",0,1,0,0
"374","speG",0,1,0,0
"375","srlA",0,1,0,0
"376","srlB",0,1,0,0
"377","srlD",0,1,0,0
"378","srlE",0,1,0,0
"379","srlR",0,1,0,0
"380","tap",0,1,0,0
"381","tar",0,1,0,0
"382","tsr",0,1,0,0
"383","tsx",0,1,0,0
"384","udp",0,1,0,0
"385","yafE",0,1,0,0
"386","yafY",0,1,0,0
"387","ybeX",0,1,0,0
"388","ybeY",0,1,0,0
"389","ybeZ",0,1,0,0
"390","ybiX",0,1,0,0
"391","ybjX",0,1,0,0
"392","ycgR",0,1,0,0
"393","ycjX",0,1,0,0
"394","yeaD",0,1,0,0
"395","yebW",0,1,0,0
"396","yecR",0,1,0,0
"397","yeeR",0,1,0,0
"398","yffB",0,1,0,0
"399","ygiS",0,1,0,0
"400","yhhQ",0,1,0,0
"401","yiaD",0,1,0,0
"402","ykfB",0,1,0,0
"403","ymdA",0,1,0,0
"404","yneE",0,1,0,0
"405","ynfB",0,1,0,0
"406","zntR",0,1,0,0
"407","allA",0,1,0,0
"408","cdh",0,1,0,0
"409","dnaA",1,0,1,0
"410","dnaN",0,1,0,0
"411","entE",0,1,0,0
"412","fecA",0,1,0,0
"413","fecB",0,1,0,0
"414","fecC",0,1,0,0
"415","fecD",0,1,0,0
"416","fecE",0,1,0,0
"417","fepA",0,1,0,0
"418","fhuC",0,1,0,0
"419","frwB",0,1,0,0
"420","ftsA",0,1,0,0
"421","ftsQ",0,1,0,0
"422","fucK",0,1,0,0
"423","galK",0,1,0,0
"424","gntT",0,1,0,0
"425","gpmM",0,1,0,0
"426","gpsA",0,1,0,0
"427","hrpB",0,1,0,0
"428","hslR",0,1,0,0
"429","hupA",0,1,0,0
"430","hybA",0,1,0,0
"431","idnT",0,1,0,0
"432","lnt",0,1,0,0
"433","lpxB",0,1,0,0
"434","malF",0,1,0,0
"435","malG",0,1,0,0
"436","malK",0,1,0,0
"437","malM",0,1,0,0
"438","malP",0,1,0,0
"439","malQ",0,1,0,0
"440","mdlB",0,1,0,0
"441","menA",0,1,0,0
"442","mltB",0,1,0,0
"443","modC",0,1,0,0
"444","murG",0,1,0,0
"445","napC",0,1,0,0
"446","narY",0,1,0,0
"447","nrdF",0,1,0,0
"448","pflC",0,1,0,0
"449","pheA",0,1,0,0
"450","phoB",0,1,0,0
"451","phoU",0,1,0,0
"452","aceE",0,1,0,0
"453","acnB",0,1,0,0
"454","adk",0,1,0,0
"455","ahpC",0,1,0,0
"456","aldA",0,1,0,0
"457","apaG",0,1,0,0
"458","argS",0,1,0,0
"459","aspC",0,1,0,0
"460","avtA",0,1,0,0
"461","can",0,1,0,0
"462","wzzB",0,1,0,0
"463","cyoA",0,1,0,0
"464","cyoC",0,1,0,0
"465","cyoD",0,1,0,0
"466","cyoE",0,1,0,0
"467","cysZ",0,1,0,0
"468","dld",0,1,0,0
"469","dsbB",0,1,0,0
"470","emrA",0,1,0,0
"471","fabI",0,1,0,0
"472","fadR",0,1,0,0
"473","fdx",0,1,0,0
"474","fnr",1,0,1,0
"475","folE",0,1,0,0
"476","fpr",0,1,0,0
"477","galF",0,1,0,0
"478","ghrA",0,1,0,0
"479","glf",0,1,0,0
"480","gloA",0,1,0,0
"481","gltX",0,1,0,0
"482","gmhA",0,1,0,0
"483","gnd",0,1,0,0
"484","gpt",0,1,0,0
"485","guaA",0,1,0,0
"486","hha",0,1,0,0
"487","hpt",0,1,0,0
"488","iadA",0,1,0,0
"489","insA1",0,1,0,0
"490","insA2",0,1,0,0
"491","kdsA",0,1,0,0
"492","kdsB",0,1,0,0
"493","lgt",0,1,0,0
"494","lldP",0,1,0,0
"495","lysP",0,1,0,0
"496","mdtJ",0,1,0,0
"497","mdtL",0,1,0,0
"498","menB",0,1,0,0
"499","mepA",0,1,0,0
"500","metG",0,1,0,0
"501","metK",0,1,0,0
"502","miaB",0,1,0,0
"503","mipA",0,1,0,0
"504","mreB",0,1,0,0
"505","mrp",0,1,0,0
"506","mtn",0,1,0,0
"507","nadE",0,1,0,0
"508","ndh",0,1,0,0
"509","ndk",0,1,0,0
"510","nemA",0,1,0,0
"511","nuoG",0,1,0,0
"512","nuoH",0,1,0,0
"513","nuoI",0,1,0,0
"514","nuoJ",0,1,0,0
"515","nuoK",0,1,0,0
"516","nuoL",0,1,0,0
"517","ompR",0,1,0,0
"518","oppB",0,1,0,0
"519","oppC",0,1,0,0
"520","oppD",0,1,0,0
"521","oppF",0,1,0,0
"522","pal",0,1,0,0
"523","pdxH",0,1,0,0
"524","pepB",0,1,0,0
"525","pepN",0,1,0,0
"526","pepP",0,1,0,0
"527","pmrD",0,1,0,0
"528","psiF",0,1,0,0
"529","pstA",0,1,0,0
"530","pstB",0,1,0,0
"531","pstC",0,1,0,0
"532","pstS",0,1,0,0
"533","rne",0,1,0,0
"534","tdcB",0,1,0,0
"535","tdcC",0,1,0,0
"536","trkA",0,1,0,0
"537","ulaE",0,1,0,0
"538","ulaR",0,1,0,0
"539","pflA",0,1,0,0
"540","pgi",0,1,0,0
"541","pheM",0,1,0,0
"542","pncB",0,1,0,0
"543","ppsA",0,1,0,0
"544","ppx",0,1,0,0
"545","proC",0,1,0,0
"546","ptsG",0,1,0,0
"547","ptsH",0,1,0,0
"548","ptsI",0,1,0,0
"549","purU",0,1,0,0
"550","pyrG",0,1,0,0
"551","rcsB",1,0,0,1
"552","relA",0,1,0,0
"553","rfbC",0,1,0,0
"554","rfbD",0,1,0,0
"555","rfe",0,1,0,0
"556","rhlB",0,1,0,0
"557","uxaC",0,1,0,0
"558","yagF",0,1,0,0
"559","ybaV",0,1,0,0
"560","ybjG",0,1,0,0
"561","ycdZ",0,1,0,0
"562","ycjF",0,1,0,0
"563","ycjO",0,1,0,0
"564","yddB",0,1,0,0
"565","yghD",0,1,0,0
"566","rho",0,1,0,0
"567","ribA",0,1,0,0
"568","rmf",0,1,0,0
"569","rnb",0,1,0,0
"570","rnt",0,1,0,0
"571","rsd",0,1,0,0
"572","rsuA",0,1,0,0
"573","sdhC",0,1,0,0
"574","sdhD",0,1,0,0
"575","serC",0,1,0,0
"576","sfsB",0,1,0,0
"577","sppA",0,1,0,0
"578","sra",0,1,0,0
"579","surA",0,1,0,0
"580","tatE",0,1,0,0
"581","tehB",0,1,0,0
"582","tolB",0,1,0,0
"583","tolQ",0,1,0,0
"584","tpiA",0,1,0,0
"585","yhdT",0,1,0,0
"586","yhfS",0,1,0,0
"587","yhfU",0,1,0,0
"588","yhgE",0,1,0,0
"589","yicG",0,1,0,0
"590","yihF",0,1,0,0
"591","yjaB",0,1,0,0
"592","yjeJ",0,1,0,0
"593","yjfL",0,1,0,0
"594","yjgM",0,1,0,0
"595","ubiH",0,1,0,0
"596","xerC",0,1,0,0
"597","yadG",0,1,0,0
"598","yadH",0,1,0,0
"599","yaiA",0,1,0,0
"600","ybgC",0,1,0,0
"601","ybhB",0,1,0,0
"602","ycaR",0,1,0,0
"603","ycdX",0,1,0,0
"604","ycdY",0,1,0,0
"605","ychH",0,1,0,0
"606","ychJ",0,1,0,0
"607","ydfG",0,1,0,0
"608","yeaC",0,1,0,0
"609","yeaK",0,1,0,0
"610","yeeN",0,1,0,0
"611","yjhD",0,1,0,0
"612","ykgF",0,1,0,0
"613","ymdB",0,1,0,0
"614","yoaE",0,1,0,0
"615","yohK",0,1,0,0
"616","yqfA",0,1,0,0
"617","yrfG",0,1,0,0
"618","yeeZ",0,1,0,0
"619","yehS",0,1,0,0
"620","yeiG",0,1,0,0
"621","yfaE",0,1,0,0
"622","yfcZ",0,1,0,0
"623","yfdG",0,1,0,0
"624","yfdI",0,1,0,0
"625","yfjW",0,1,0,0
"626","ygdI",0,1,0,0
"627","yhjR",0,1,0,0
"628","yieP",0,1,0,0
"629","yjbQ",0,1,0,0
"630","aidB",0,1,0,0
"631","ssuD",0,1,0,0
"632","tauA",0,1,0,0
"633","tauB",0,1,0,0
"634","tauC",0,1,0,0
"635","csgA",0,1,0,0
"636","csgD",1,0,1,0
"637","csgE",0,1,0,0
"638","csgF",0,1,0,0
"639","csgG",0,1,0,0
"640","iraP",0,1,0,0
"641","tcyJ",0,1,0,0
"642","yccT",0,1,0,0
"643","gadC",0,1,0,0
"644","gadE",1,0,0,1
"645","gadF",0,1,0,0
"646","gadX",1,0,0,1
"647","mdtE",0,1,0,0
"648","mdtF",0,1,0,0
"649","yhiD",0,1,0,0
"650","dctR",0,1,0,0
"651","glsA",0,1,0,0
"652","rpoS",1,0,0,1
"653","mcbA",0,1,0,0
"654","yciE",0,1,0,0
"655","yciF",0,1,0,0
"656","yciG",0,1,0,0
"657","metE",0,1,0,0
"658","metR",0,1,0,0
"659","prpB",0,1,0,0
"660","prpC",0,1,0,0
"661","prpD",0,1,0,0
"662","prpR",0,1,0,0
"663","adiA",0,1,0,0
"664","appC",0,1,0,0
"665","appX",0,1,0,0
"666","hyaA",0,1,0,0
"667","hyaB",0,1,0,0
"668","hyaC",0,1,0,0
"669","hyaD",0,1,0,0
"670","hyaE",0,1,0,0
"671","hyaF",0,1,0,0
"672","araA",0,1,0,0
"673","araB",0,1,0,0
"674","araC",0,1,0,0
"675","araF",0,1,0,0
"676","caiA",0,1,0,0
"677","ttdR",0,1,0,0
"678","mlrA",1,0,0,1
"679","galS",0,1,0,0
"680","mglA",0,1,0,0
"681","mglB",0,1,0,0
"682","mglC",0,1,0,0
"683","glcA",0,1,0,0
"684","glcB",0,1,0,0
"685","glcD",0,1,0,0
"686","glcE",0,1,0,0
"687","glcF",0,1,0,0
"688","glcG",0,1,0,0
"689","hcaR",0,1,0,0
"690","iscR",0,1,0,0
"691","nrdE",0,1,0,0
"692","nrdH",0,1,0,0
"693","nrdI",0,1,0,0
"694","sufA",0,1,0,0
"695","sufB",0,1,0,0
"696","sufC",0,1,0,0
"697","sufD",0,1,0,0
"698","sufE",0,1,0,0
"699","sufS",0,1,0,0
"700","mhpA",0,1,0,0
"701","fdhF",0,1,0,0
"702","fdnG",0,1,0,0
"703","fdnH",0,1,0,0
"704","fdnI",0,1,0,0
"705","hcp",0,1,0,0
"706","hcr",0,1,0,0
"707","nirB",0,1,0,0
"708","nirD",0,1,0,0
"709","nrfA",0,1,0,0
"710","nrfB",0,1,0,0
"711","nrfC",0,1,0,0
"712","nrfD",0,1,0,0
"713","ytfE",0,1,0,0
"714","amtB",0,1,0,0
"715","argT",0,1,0,0
"716","ddpA",0,1,0,0
"717","ddpB",0,1,0,0
"718","ddpD",0,1,0,0
"719","ddpX",0,1,0,0
"720","glnA",0,1,0,0
"721","glnG",1,0,0,1
"722","glnK",0,1,0,0
"723","glnL",0,1,0,0
"724","hisM",0,1,0,0
"725","hisP",0,1,0,0
"726","patA",0,1,0,0
"727","potF",0,1,0,0
"728","potG",0,1,0,0
"729","potH",0,1,0,0
"730","potI",0,1,0,0
"731","yhdW",0,1,0,0
"732","pdeL",0,1,0,0
"733","prpE",0,1,0,0
"734","appA",0,1,0,0
"735","appB",0,1,0,0
"736","betA",0,1,0,0
"737","betB",0,1,0,0
"738","betI",0,1,0,0
"739","caiD",0,1,0,0
"740","lldR",0,1,0,0
"741","fumB",0,1,0,0
"742","hybE",0,1,0,0
"743","hybB",0,1,0,0
"744","dmsA",0,1,0,0
"745","hybF",0,1,0,0
"746","hybO",0,1,0,0
"747","tdcE",0,1,0,0
"748","clpA",0,1,0,0
"749","entF",0,1,0,0
"750","tdcD",0,1,0,0
"751","lysU",0,1,0,0
"752","ynfG",0,1,0,0
"753","pepE",0,1,0,0
"754","ansB",0,1,0,0
"755","ydcZ",0,1,0,0
"756","hypA",0,1,0,0
"757","tdcF",0,1,0,0
"758","phoH",0,1,0,0
"759","hybD",0,1,0,0
"760","ynfF",0,1,0,0
"761","tonB",0,1,0,0
"762","hybC",0,1,0,0
"763","hypB",0,1,0,0
"764","dcuB",0,1,0,0
"765","frdB",0,1,0,0
"766","hypC",0,1,0,0
"767","rsxE",0,1,0,0
"768","ybdZ",0,1,0,0
"769","leuA",0,1,0,0
"770","clpS",0,1,0,0
"771","icd",0,1,0,0
"772","sodA",0,1,0,0
"773","fis",1,0,1,0
"774","tdcA",0,1,0,0
"775","frdD",0,1,0,0
"776","hypD",0,1,0,0
"777","ydhV",0,1,0,0
"778","dmsB",0,1,0,0
"779","entB",0,1,0,0
"780","fhuF",0,1,0,0
"781","dcuA",0,1,0,0
"782","pgl",0,1,0,0
"783","dmsD",0,1,0,0
"784","ydjA",0,1,0,0
"785","fepB",0,1,0,0
"786","yhbW",0,1,0,0
"787","mdtI",0,1,0,0
"788","fsr",0,1,0,0
"789","kbl",0,1,0,0
"790","kefB",0,1,0,0
"791","serA",0,1,0,0
"792","glpQ",0,1,0,0
"793","metJ",0,1,0,0
"794","yceI",0,1,0,0
"795","smg",0,1,0,0
"796","ulaC",0,1,0,0
"797","ynfE",0,1,0,0
"798","ompW",0,1,0,0
"799","efeO",0,1,0,0
"800","yqiA",0,1,0,0
"801","gltI",0,1,0,0
"802","dcuC",0,1,0,0
"803","yfeC",0,1,0,0
"804","leuD",0,1,0,0
"805","ycgM",0,1,0,0
"806","hybG",0,1,0,0
"807","fes",0,1,0,0
"808","entA",0,1,0,0
"809","yoaB",0,1,0,0
"810","yjjI",0,1,0,0
"811","ogt",0,1,0,0
"812","mntH",0,1,0,0
"813","leuC",0,1,0,0
"814","shiA",0,1,0,0
"815","leuB",0,1,0,0
"816","gcvR",0,1,0,0
"817","entC",0,1,0,0
"818","ravA",0,1,0,0
"819","selA",0,1,0,0
"820","efeU",0,1,0,0
"821","ispU",0,1,0,0
"822","msrA",0,1,0,0
"823","fadE",0,1,0,0
"824","ugpC",0,1,0,0
"825","manZ",0,1,0,0
"826","ccmD",0,1,0,0
"827","ydhY",0,1,0,0
"828","yhjE",0,1,0,0
"829","fepC",0,1,0,0
"830","mgsA",0,1,0,0
"831","sucC",0,1,0,0
"832","hypE",0,1,0,0
"833","csrD",0,1,0,0
"834","pykA",0,1,0,0
"835","yaeP",0,1,0,0
"836","trmA",0,1,0,0
"837","pepD",0,1,0,0
"838","yciH",0,1,0,0
"839","galT",0,1,0,0
"840","yhdH",0,1,0,0
"841","ynfH",0,1,0,0
"842","sodB",0,1,0,0
"843","sstT",0,1,0,0
"844","nadB",0,1,0,0
"845","ybjI",0,1,0,0
"846","purT",0,1,0,0
"847","fdoI",0,1,0,0
"848","exbB",0,1,0,0
"849","yebZ",0,1,0,0
"850","pnuC",0,1,0,0
"851","rutE",0,1,0,0
"852","yeiE",0,1,0,0
"853","moeA",0,1,0,0
"854","melA",0,1,0,0
"855","ilvE",0,1,0,0
"856","yddA",0,1,0,0
"857","cysE",0,1,0,0
"858","sanA",0,1,0,0
"859","manY",0,1,0,0
"860","hisQ",0,1,0,0
"861","dfp",0,1,0,0
"862","ydiP",0,1,0,0
"863","ycjY",0,1,0,0
"864","tdh",0,1,0,0
"865","ybjJ",0,1,0,0
"866","yhfK",0,1,0,0
"867","yibQ",0,1,0,0
"868","ccmF",0,1,0,0
"869","nth",0,1,0,0
"870","recC",0,1,0,0
"871","aegA",0,1,0,0
"872","rpsQ",0,1,0,0
"873","fepD",0,1,0,0
"874","yfeD",0,1,0,0
"875","aqpZ",0,1,0,0
"876","gltL",0,1,0,0
"877","cycA",0,1,0,0
"878","aroF",0,1,0,0
"879","gcvP",0,1,0,0
"880","yebY",0,1,0,0
"881","mutM",0,1,0,0
"882","mdtC",0,1,0,0
"883","exbD",0,1,0,0
"884","ydhW",0,1,0,0
"885","crl",0,1,0,0
"886","znuB",0,1,0,0
"887","torD",0,1,0,0
"888","gltP",0,1,0,0
"889","agaV",0,1,0,0
"890","sucB",0,1,0,0
"891","yafD",0,1,0,0
"892","ilvM",0,1,0,0
"893","cdsA",0,1,0,0
"894","pyrD",0,1,0,0
"895","glgC",0,1,0,0
"896","amn",0,1,0,0
"897","uhpB",0,1,0,0
"898","ybhG",0,1,0,0
"899","pck",0,1,0,0
"900","rimJ",0,1,0,0
"901","iscA",0,1,0,0
"902","chaA",0,1,0,0
"903","ydhR",0,1,0,0
"904","pflB",0,1,0,0
"905","ydgJ",0,1,0,0
"906","acs",0,1,0,0
"907","asd",0,1,0,0
"908","tpx",0,1,0,0
"909","emrD",0,1,0,0
"910","yjjP",0,1,0,0
"911","ydiE",0,1,0,0
"912","glgA",0,1,0,0
"913","yqaB",0,1,0,0
"914","ais",0,1,0,0
"915","aroD",0,1,0,0
"916","yiiQ",0,1,0,0
"917","napH",0,1,0,0
"918","ccmH",0,1,0,0
"919","ybiV",0,1,0,0
"920","efp",0,1,0,0
"921","hemD",0,1,0,0
"922","pykF",0,1,0,0
"923","efeB",0,1,0,0
"924","uspE",0,1,0,0
"925","ilvI",0,1,0,0
"926","glpK",0,1,0,0
"927","eda",0,1,0,0
"928","pheP",0,1,0,0
"929","cysK",0,1,0,0
"930","napF",0,1,0,0
"931","ynaJ",0,1,0,0
"932","torA",0,1,0,0
"933","nanE",0,1,0,0
"934","thiD",0,1,0,0
"935","ydhP",0,1,0,0
"936","galP",0,1,0,0
"937","yojI",0,1,0,0
"938","osmC",0,1,0,0
"939","cadA",0,1,0,0
"940","yhbS",0,1,0,0
"941","msrB",0,1,0,0
"942","ung",0,1,0,0
"943","zraR",0,1,0,0
"944","trmH",0,1,0,0
"945","ybaN",0,1,0,0
"946","trpA",0,1,0,0
"947","brnQ",0,1,0,0
"948","envC",0,1,0,0
"949","galE",0,1,0,0
"950","fumC",0,1,0,0
"951","bfd",0,1,0,0
"952","yjjW",0,1,0,0
"953","crr",0,1,0,0
"954","xseB",0,1,0,0
"955","wzzE",0,1,0,0
"956","moaB",0,1,0,0
"957","slyB",0,1,0,0
"958","fhuE",0,1,0,0
"959","hmp",0,1,0,0
"960","yfeX",0,1,0,0
"961","gltK",0,1,0,0
"962","yedE",0,1,0,0
"963","putP",0,1,0,0
"964","speC",0,1,0,0
"965","menC",0,1,0,0
"966","moaE",0,1,0,0
"967","exuT",0,1,0,0
"968","ybjM",0,1,0,0
"969","iscU",0,1,0,0
"970","ilvC",0,1,0,0
"971","ybiT",0,1,0,0
"972","phoA",0,1,0,0
"973","yceH",0,1,0,0
"974","ulaD",0,1,0,0
"975","napA",0,1,0,0
"976","cusR",0,1,0,0
"977","ispA",0,1,0,0
"978","pldB",0,1,0,0
"979","yceB",0,1,0,0
"980","yjaH",0,1,0,0
"981","dsbA",0,1,0,0
"982","kefG",0,1,0,0
"983","adhE",0,1,0,0
"984","fepG",0,1,0,0
"985","nrdR",0,1,0,0
"986","pqqL",0,1,0,0
"987","ftsZ",0,1,0,0
"988","glnH",0,1,0,0
"989","ypeC",0,1,0,0
"990","yqhD",0,1,0,0
"991","glnD",0,1,0,0
"992","thiM",0,1,0,0
"993","aroG",0,1,0,0
"994","idnO",0,1,0,0
"995","idnD",0,1,0,0
"996","idnK",0,1,0,0
"997","idnR",0,1,0,0
"998","gntU",0,1,0,0
"999","cspG",0,1,0,0
"1000","gntK",0,1,0,0
"1001","yjgR",0,1,0,0
"1002","yjjZ",0,1,0,0
"1003","flhC",1,0,0,1
"1004","alr",0,1,0,0
"1005","glpF",0,1,0,0
"1006","yddH",0,1,0,0
"1007","cspA",0,1,0,0
"1008","glpT",0,1,0,0
"1009","codA",0,1,0,0
"1010","flhD",1,0,0,1
"1011","metQ",0,1,0,0
"1012","mcrB",0,1,0,0
"1013","garR",0,1,0,0
"1014","metI",0,1,0,0
"1015","malZ",0,1,0,0
"1016","ykgM",0,1,0,0
"1017","kdgK",0,1,0,0
"1018","zraP",0,1,0,0
"1019","pspC",0,1,0,0
"1020","pspD",0,1,0,0
"1021","pspA",0,1,0,0
"1022","pspB",0,1,0,0
"1023","yjiN",0,1,0,0
"1024","zwf",0,1,0,0
"1025","dapE",0,1,0,0
"1026","secE",0,1,0,0
"1027","yebK",0,1,0,0
"1028","ompX",0,1,0,0
"1029","fabH",0,1,0,0
"1030","yifK",0,1,0,0
"1031","uup",0,1,0,0
"1032","pyrH",0,1,0,0
"1033","argI",0,1,0,0
"1034","speE",0,1,0,0
"1035","rplU",0,1,0,0
"1036","rplY",0,1,0,0
"1037","ldrD",0,1,0,0
"1038","yegD",0,1,0,0
"1039","yddJ",0,1,0,0
"1040","caiT",0,1,0,0
"1041","alaS",0,1,0,0
"1042","nusG",0,1,0,0
"1043","dnaB",0,1,0,0
"1044","era",0,1,0,0
"1045","rplL",0,1,0,0
"1046","plsX",0,1,0,0
"1047","lyxK",0,1,0,0
"1048","yceD",0,1,0,0
"1049","nadR",0,1,0,0
"1050","rep",0,1,0,0
"1051","rplJ",0,1,0,0
"1052","yiaK",0,1,0,0
"1053","glpD",0,1,0,0
"1054","pabB",0,1,0,0
"1055","gudP",0,1,0,0
"1056","malI",0,1,0,0
"1057","serB",0,1,0,0
"1058","trmD",0,1,0,0
"1059","yhiN",0,1,0,0
"1060","rpsN",0,1,0,0
"1061","rpmB",0,1,0,0
"1062","rplN",0,1,0,0
"1063","mreD",0,1,0,0
"1064","sgbU",0,1,0,0
"1065","tyrS",0,1,0,0
"1066","modF",0,1,0,0
"1067","coaE",0,1,0,0
"1068","inaA",0,1,0,0
"1069","rpmH",0,1,0,0
"1070","cytR",1,0,1,0
"1071","potA",0,1,0,0
"1072","deaD",0,1,0,0
"1073","rplE",0,1,0,0
"1074","pyrE",0,1,0,0
"1075","sgbE",0,1,0,0
"1076","rpsS",0,1,0,0
"1077","aroL",0,1,0,0
"1078","rph",0,1,0,0
"1079","rplS",0,1,0,0
"1080","speB",0,1,0,0
"1081","cobT",0,1,0,0
"1082","stpA",0,1,0,0
"1083","copA",0,1,0,0
"1084","proQ",0,1,0,0
"1085","thiI",0,1,0,0
"1086","guaB",0,1,0,0
"1087","tdcG",0,1,0,0
"1088","upp",0,1,0,0
"1089","cueO",0,1,0,0
"1090","rplA",0,1,0,0
"1091","rpsA",0,1,0,0
"1092","lamB",0,1,0,0
"1093","rluA",0,1,0,0
"1094","rpsO",0,1,0,0
"1095","pcnB",0,1,0,0
"1096","ldrA",0,1,0,0
"1097","hokD",0,1,0,0
"1098","rhlE",0,1,0,0
"1099","yhbE",0,1,0,0
"1100","rplM",0,1,0,0
"1101","rplD",0,1,0,0
"1102","rplF",0,1,0,0
"1103","yidC",0,1,0,0
"1104","recO",0,1,0,0
"1105","wecB",0,1,0,0
"1106","rpsD",0,1,0,0
"1107","rpsI",0,1,0,0
"1108","secA",0,1,0,0
"1109","rpoA",0,1,0,0
"1110","dbpA",0,1,0,0
"1111","yihQ",0,1,0,0
"1112","rplO",0,1,0,0
"1113","rplP",0,1,0,0
"1114","hsdM",0,1,0,0
"1115","gutQ",0,1,0,0
"1116","hokB",0,1,0,0
"1117","rimM",0,1,0,0
"1118","rplV",0,1,0,0
"1119","rpmF",0,1,0,0
"1120","cmk",0,1,0,0
"1121","rplW",0,1,0,0
"1122","aroE",0,1,0,0
"1123","tilS",0,1,0,0
"1124","yebO",0,1,0,0
"1125","yihL",0,1,0,0
"1126","rnpA",0,1,0,0
"1127","yebC",0,1,0,0
"1128","pyrF",0,1,0,0
"1129","rpsK",0,1,0,0
"1130","gsk",0,1,0,0
"1131","queA",0,1,0,0
"1132","rpmD",0,1,0,0
"1133","rplK",0,1,0,0
"1134","rpsT",0,1,0,0
"1135","entD",0,1,0,0
"1136","ydcL",0,1,0,0
"1137","rpsE",0,1,0,0
"1138","prfB",0,1,0,0
"1139","argA",0,1,0,0
"1140","rpsF",0,1,0,0
"1141","yadC",0,1,0,0
"1142","lpxK",0,1,0,0
"1143","proX",0,1,0,0
"1144","rplQ",0,1,0,0
"1145","rpsH",0,1,0,0
"1146","fecR",0,1,0,0
"1147","yhdZ",0,1,0,0
"1148","thiL",0,1,0,0
"1149","rplX",0,1,0,0
"1150","aroM",0,1,0,0
"1151","yhgF",0,1,0,0
"1152","ilvH",0,1,0,0
"1153","rpmC",0,1,0,0
"1154","yjfC",0,1,0,0
"1155","rpsG",0,1,0,0
"1156","cusC",0,1,0,0
"1157","prmA",0,1,0,0
"1158","rpsJ",0,1,0,0
"1159","bipA",0,1,0,0
"1160","feoB",0,1,0,0
"1161","ldrC",0,1,0,0
"1162","ydiY",0,1,0,0
"1163","rplB",0,1,0,0
"1164","rffG",0,1,0,0
"1165","soxS",1,0,0,1
"1166","yjjG",0,1,0,0
"1167","yajR",0,1,0,0
"1168","infA",0,1,0,0
"1169","ycaO",0,1,0,0
"1170","purR",0,1,0,0
"1171","ascF",0,1,0,0
"1172","wecC",0,1,0,0
"1173","pheS",0,1,0,0
"1174","potB",0,1,0,0
"1175","coaD",0,1,0,0
"1176","rplI",0,1,0,0
"1177","rpsP",0,1,0,0
"1178","rpsM",0,1,0,0
"1179","mrcA",0,1,0,0
"1180","greA",0,1,0,0
"1181","murA",0,1,0,0
"1182","recG",0,1,0,0
"1183","rplC",0,1,0,0
"1184","parE",0,1,0,0
"1185","rplR",0,1,0,0
"1186","ygiQ",0,1,0,0
"1187","rpsC",0,1,0,0
"1188","fhuB",0,1,0,0
"1189","ybfE",0,1,0,0
"1190","cysM",0,1,0,0
"1191","rluC",0,1,0,0
"1192","proB",0,1,0,0
"1193","mhpB",0,1,0,0
"1194","spoT",0,1,0,0
"1195","rpsB",0,1,0,0
"1196","narG",0,1,0,0
"1197","rpiB",0,1,0,0
"1198","yhdY",0,1,0,0
"1199","ydhL",0,1,0,0
"1200","fecI",0,1,0,0
"1201","purF",0,1,0,0
"1202","znuA",0,1,0,0
"1203","mutY",0,1,0,0
"1204","narH",0,1,0,0
"1205","suhB",0,1,0,0
"1206","hcaE",0,1,0,0
"1207","modA",0,1,0,0
"1208","yfcJ",0,1,0,0
"1209","mreC",0,1,0,0
"1210","lysS",0,1,0,0
"1211","lysA",0,1,0,0
"1212","frmR",0,1,0,0
"1213","mrdA",0,1,0,0
"1214","cysD",0,1,0,0
"1215","fusA",0,1,0,0
"1216","tig",0,1,0,0
"1217","priB",0,1,0,0
"1218","prfC",0,1,0,0
"1219","metF",0,1,0,0
"1220","thrA",0,1,0,0
"1221","yeiR",0,1,0,0
"1222","purB",0,1,0,0
"1223","yeiB",0,1,0,0
"1224","tsf",0,1,0,0
"1225","recQ",0,1,0,0
"1226","kdpA",0,1,0,0
"1227","cobS",0,1,0,0
"1228","yjeT",0,1,0,0
"1229","rpsR",0,1,0,0
"1230","gutM",0,1,0,0
"1231","ydiJ",0,1,0,0
"1232","ycfZ",0,1,0,0
"1233","ynjD",0,1,0,0
"1234","yfhL",0,1,0,0
"1235","narJ",0,1,0,0
"1236","apt",0,1,0,0
"1237","yieH",0,1,0,0
"1238","cysN",0,1,0,0
"1239","yqeB",0,1,0,0
"1240","yehX",0,1,0,0
"1241","rstA",0,1,0,0
"1242","yehY",0,1,0,0
"1243","yccF",0,1,0,0
"1244","cysU",0,1,0,0
"1245","fepE",0,1,0,0
"1246","yeaW",0,1,0,0
"1247","ynfM",0,1,0,0
"1248","yidD",0,1,0,0
"1249","eutG",0,1,0,0
"1250","holD",0,1,0,0
"1251","cysJ",0,1,0,0
"1252","ybgO",0,1,0,0
"1253","abgT",0,1,0,0
"1254","yaiW",0,1,0,0
"1255","abgB",0,1,0,0
"1256","yhfA",0,1,0,0
"1257","abgA",0,1,0,0
"1258","ykgG",0,1,0,0
"1259","ynjE",0,1,0,0
"1260","uraA",0,1,0,0
"1261","ygeV",0,1,0,0
"1262","yadI",0,1,0,0
"1263","mhpR",0,1,0,0
"1264","rbsR",0,1,0,0
"1265","yjfN",0,1,0,0
"1266","dhaK",0,1,0,0
"1267","dhaL",0,1,0,0
"1268","fruA",0,1,0,0
"1269","astA",0,1,0,0
"1270","astC",0,1,0,0
"1271","ybaE",0,1,0,0
"1272","ygfZ",0,1,0,0
"1273","astD",0,1,0,0
"1274","pflD",0,1,0,0
"1275","ybgI",0,1,0,0
"1276","yqeC",0,1,0,0
"1277","sdaA",0,1,0,0
"1278","ybeL",0,1,0,0
"1279","ykgE",0,1,0,0
"1280","tolA",0,1,0,0
"1281","yidF",0,1,0,0
"1282","ybhQ",0,1,0,0
"1283","yihX",0,1,0,0
"1284","yaiZ",0,1,0,0
"1285","yfdY",0,1,0,0
"1286","yieK",0,1,0,0
"1287","fadA",0,1,0,0
"1288","yajO",0,1,0,0
"1289","mltA",0,1,0,0
"1290","yhfZ",0,1,0,0
"1291","yahN",0,1,0,0
"1292","yniA",0,1,0,0
"1293","astB",0,1,0,0
"1294","smpB",0,1,0,0
"1295","rpmG",0,1,0,0
"1296","yfbU",0,1,0,0
"1297","cspI",0,1,0,0
"1298","uspA",0,1,0,0
"1299","bioH",0,1,0,0
"1300","dhaM",0,1,0,0
"1301","ygcN",0,1,0,0
"1302","ydhQ",0,1,0,0
"1303","dacC",0,1,0,0
"1304","hdfR",0,1,0,0
"1305","sfsA",0,1,0,0
"1306","mrr",0,1,0,0
"1307","yqeF",0,1,0,0
"1308","ugpB",0,1,0,0
"1309","yhjV",0,1,0,0
"1310","ynaE",0,1,0,0
"1311","glgX",0,1,0,0
"1312","panF",0,1,0,0
"1313","sseA",0,1,0,0
"1314","sbmA",0,1,0,0
"1315","srmB",0,1,0,0
"1316","hcaD",0,1,0,0
"1317","yecA",0,1,0,0
"1318","chaC",0,1,0,0
"1319","yfaQ",0,1,0,0
"1320","tus",0,1,0,0
"1321","yaeH",0,1,0,0
"1322","rng",0,1,0,0
"1323","malS",0,1,0,0
"1324","yqjE",0,1,0,0
"1325","yccX",0,1,0,0
"1326","degQ",0,1,0,0
"1327","yieL",0,1,0,0
"1328","ypeB",0,1,0,0
"1329","recB",0,1,0,0
"1330","nrfE",0,1,0,0
"1331","rseC",0,1,0,0
"1332","lpxA",0,1,0,0
"1333","tktB",0,1,0,0
"1334","fkpA",0,1,0,0
"1335","nusB",0,1,0,0
"1336","ydbK",0,1,0,0
"1337","yiiS",0,1,0,0
"1338","yhjG",0,1,0,0
"1339","grxB",0,1,0,0
"1340","yacL",0,1,0,0
"1341","ycjD",0,1,0,0
"1342","poxB",0,1,0,0
"1343","aldB",0,1,0,0
"1344","ybhC",0,1,0,0
"1345","arcA",0,1,0,0
"1346","infC",0,1,0,0
"1347","nadD",0,1,0,0
"1348","mscL",0,1,0,0
"1349","ycaQ",0,1,0,0
"1350","agp",0,1,0,0
"1351","pqiA",0,1,0,0
"1352","fadH",0,1,0,0
"1353","ybeM",0,1,0,0
"1354","fieF",0,1,0,0
"1355","yjeI",0,1,0,0
"1356","yhfY",0,1,0,0
"1357","ybhF",0,1,0,0
"1358","hdhA",0,1,0,0
"1359","yrdD",0,1,0,0
"1360","ycbZ",0,1,0,0
"1361","mutT",0,1,0,0
"1362","yrdB",0,1,0,0
"1363","yjdP",0,1,0,0
"1364","osmE",0,1,0,0
"1365","pinQ",0,1,0,0
"1366","lepA",0,1,0,0
"1367","rof",0,1,0,0
"1368","yqjG",0,1,0,0
"1369","treA",0,1,0,0
"1370","astE",0,1,0,0
"1371","yheT",0,1,0,0
"1372","elaB",0,1,0,0
"1373","ccmG",0,1,0,0
"1374","smf",0,1,0,0
"1375","ackA",0,1,0,0
"1376","ybjP",0,1,0,0
"1377","yhaH",0,1,0,0
"1378","nusA",0,1,0,0
"1379","lepB",0,1,0,0
"1380","ygbI",0,1,0,0
"1381","msyB",0,1,0,0
"1382","hofQ",0,1,0,0
"1383","rplT",0,1,0,0
"1384","rsmC",0,1,0,0
"1385","selD",0,1,0,0
"1386","nlpI",0,1,0,0
"1387","ychA",0,1,0,0
"1388","ytfK",0,1,0,0
"1389","emrB",0,1,0,0
"1390","narI",0,1,0,0
"1391","tatC",0,1,0,0
"1392","otsB",0,1,0,0
"1393","yhbY",0,1,0,0
"1394","ybjS",0,1,0,0
"1395","ybiB",0,1,0,0
"1396","yhhA",0,1,0,0
"1397","mcrC",0,1,0,0
"1398","bioC",0,1,0,0
"1399","rpsL",0,1,0,0
"1400","proS",0,1,0,0
"1401","sapB",0,1,0,0
"1402","yfcL",0,1,0,0
"1403","priA",0,1,0,0
"1404","yecE",0,1,0,0
"1405","yadS",0,1,0,0
"1406","nagA",0,1,0,0
"1407","mukE",0,1,0,0
"1408","yfcQ",0,1,0,0
"1409","cysQ",0,1,0,0
"1410","torT",0,1,0,0
"1411","yfiC",0,1,0,0
"1412","phoQ",0,1,0,0
"1413","holA",0,1,0,0
"1414","elaA",0,1,0,0
"1415","livG",0,1,0,0
"1416","tolR",0,1,0,0
"1417","atoS",0,1,0,0
"1418","fkpB",0,1,0,0
"1419","bolA",0,1,0,0
"1420","pnp",0,1,0,0
"1421","yfgJ",0,1,0,0
"1422","yhcO",0,1,0,0
"1423","prc",0,1,0,0
"1424","dkgA",0,1,0,0
"1425","narL",0,1,0,0
"1426","pepT",0,1,0,0
"1427","trg",0,1,0,0
"1428","fadB",0,1,0,0
"1429","aroC",0,1,0,0
"1430","aroB",0,1,0,0
"1431","holB",0,1,0,0
"1432","nrdB",0,1,0,0
"1433","secF",0,1,0,0
"1434","ydcJ",0,1,0,0
"1435","ydfK",0,1,0,0
"1436","yeaH",0,1,0,0
"1437","ygaM",0,1,0,0
"1438","bioA",0,1,0,0
"1439","melR",0,1,0,0
"1440","yejO",0,1,0,0
"1441","pta",0,1,0,0
"1442","sodC",0,1,0,0
"1443","ecnB",0,1,0,0
"1444","yeaO",0,1,0,0
"1445","fabA",0,1,0,0
"1446","ycgB",0,1,0,0
"1447","blc",0,1,0,0
"1448","fadD",0,1,0,0
"1449","yfcG",0,1,0,0
"1450","recJ",0,1,0,0
"1451","fbaB",0,1,0,0
"1452","ychF",0,1,0,0
"1453","pdxA",0,1,0,0
"1454","pyrI",0,1,0,0
"1455","slmA",0,1,0,0
"1456","rluD",0,1,0,0
"1457","xylE",0,1,0,0
"1458","yjdI",0,1,0,0
"1459","ydcI",0,1,0,0
"1460","rihB",0,1,0,0
"1461","ydbL",0,1,0,0
"1462","ldhA",0,1,0,0
"1463","ssuB",0,1,0,0
"1464","yggF",0,1,0,0
"1465","ytjA",0,1,0,0
"1466","yidE",0,1,0,0
"1467","rbfA",0,1,0,0
"1468","yjfY",0,1,0,0
"1469","yohJ",0,1,0,0
"1470","csgC",0,1,0,0
"1471","ynfN",0,1,0,0
"1472","ymgE",0,1,0,0
"1473","gspF",0,1,0,0
"1474","iclR",0,1,0,0
"1475","flgA",0,1,0,0
"1476","proW",0,1,0,0
"1477","flhB",0,1,0,0
"1478","csdA",0,1,0,0
"1479","ribF",0,1,0,0
"1480","yjdC",0,1,0,0
"1481","msbA",0,1,0,0
"1482","narX",0,1,0,0
"1483","aspS",0,1,0,0
"1484","asnS",0,1,0,0
"1485","otsA",0,1,0,0
"1486","ybdG",0,1,0,0
"1487","leuS",0,1,0,0
"1488","folC",0,1,0,0
"1489","hscB",0,1,0,0
"1490","parC",0,1,0,0
"1491","cof",0,1,0,0
"1492","yciK",0,1,0,0
"1493","ftsN",0,1,0,0
"1494","yciT",0,1,0,0
"1495","accA",0,1,0,0
"1496","ispH",0,1,0,0
"1497","rpoD",1,0,0,1
"1498","ansP",0,1,0,0
"1499","yhhS",0,1,0,0
"1500","ligA",0,1,0,0
"1501","pepA",0,1,0,0
"1502","trkH",0,1,0,0
"1503","sapA",0,1,0,0
"1504","cysS",0,1,0,0
"1505","topA",0,1,0,0
"1506","ynfC",0,1,0,0
"1507","ybaB",0,1,0,0
"1508","waaQ",0,1,0,0
"1509","sbcD",0,1,0,0
"1510","glmS",0,1,0,0
"1511","yheS",0,1,0,0
"1512","udk",0,1,0,0
"1513","nupC",0,1,0,0
"1514","glyQ",0,1,0,0
"1515","dsbD",0,1,0,0
"1516","hisS",0,1,0,0
"1517","rfbB",0,1,0,0
"1518","bcp",0,1,0,0
"1519","pspE",0,1,0,0
"1520","ybjL",0,1,0,0
"1521","nhaR",0,1,0,0
"1522","dsbG",0,1,0,0
"1523","ypjD",0,1,0,0
"1524","pheT",0,1,0,0
"1525","rpmA",0,1,0,0
"1526","waaG",0,1,0,0
"1527","fabF",0,1,0,0
"1528","ydbJ",0,1,0,0
"1529","waaA",0,1,0,0
"1530","menE",0,1,0,0
"1531","yobD",0,1,0,0
"1532","creB",0,1,0,0
"1533","narP",0,1,0,0
"1534","yciA",0,1,0,0
"1535","prfA",0,1,0,0
"1536","valS",0,1,0,0
"1537","yibN",0,1,0,0
"1538","dacA",0,1,0,0
"1539","recF",0,1,0,0
"1540","evgS",0,1,0,0
"1541","ileS",0,1,0,0
"1542","ispG",0,1,0,0
"1543","gyrA",0,1,0,0
"1544","yqaA",0,1,0,0
"1545","rfbA",0,1,0,0
"1546","yjjA",0,1,0,0
"1547","blr",0,1,0,0
"1548","katE",0,1,0,0
"1549","ibpA",0,1,0,0
"1550","lolB",0,1,0,0
"1551","yggT",0,1,0,0
"1552","ydgK",0,1,0,0
"1553","yccS",0,1,0,0
"1554","sspB",0,1,0,0
"1555","proY",0,1,0,0
"1556","yjeH",0,1,0,0
"1557","ybcI",0,1,0,0
"1558","acrD",0,1,0,0
"1559","holC",0,1,0,0
"1560","acpT",0,1,0,0
"1561","dacB",0,1,0,0
"1562","accB",0,1,0,0
"1563","dnaE",0,1,0,0
"1564","rdgC",0,1,0,0
"1565","yehM",0,1,0,0
"1566","usg",0,1,0,0
"1567","gudD",0,1,0,0
"1568","nrdA",0,1,0,0
"1569","ygeA",0,1,0,0
"1570","evgA",0,1,0,0
"1571","aat",0,1,0,0
"1572","rpsU",0,1,0,0
"1573","yfcO",0,1,0,0
"1574","ispD",0,1,0,0
"1575","tdk",0,1,0,0
"1576","aroK",0,1,0,0
"1577","aphA",0,1,0,0
"1578","truB",0,1,0,0
"1579","tyrP",0,1,0,0
"1580","trxC",0,1,0,0
"1581","purE",0,1,0,0
"1582","hycH",0,1,0,0
"1583","ibpB",0,1,0,0
"1584","glpG",0,1,0,0
"1585","ucpA",0,1,0,0
"1586","ygdD",0,1,0,0
"1587","fhuA",0,1,0,0
"1588","artQ",0,1,0,0
"1589","yqgF",0,1,0,0
"1590","sbmC",0,1,0,0
"1591","yfaA",0,1,0,0
"1592","hisA",0,1,0,0
"1593","yghW",0,1,0,0
"1594","ygbA",0,1,0,0
"1595","rnhB",0,1,0,0
"1596","waaC",0,1,0,0
"1597","infB",0,1,0,0
"1598","yceJ",0,1,0,0
"1599","yigL",0,1,0,0
"1600","frwC",0,1,0,0
"1601","dgoK",0,1,0,0
"1602","dgoA",0,1,0,0
"1603","ybgS",0,1,0,0
"1604","hcaB",0,1,0,0
"1605","recX",0,1,0,0
"1606","nac",1,0,0.5,0.5
"1607","yigB",0,1,0,0
"1608","appY",0,1,0,0
"1609","bioF",0,1,0,0
"1610","mtr",0,1,0,0
"1611","yaeF",0,1,0,0
"1612","bcsC",0,1,0,0
"1613","yegS",0,1,0,0
"1614","yigZ",0,1,0,0
"1615","exuR",0,1,0,0
"1616","yicH",0,1,0,0
"1617","fxsA",0,1,0,0
"1618","yciU",0,1,0,0
"1619","lexA",0,1,0,0
"1620","yfaS",0,1,0,0
"1621","yaaX",0,1,0,0
"1622","talA",0,1,0,0
"1623","galU",0,1,0,0
"1624","asnC",0,1,0,0
"1625","trpE",0,1,0,0
"1626","pfkB",0,1,0,0
"1627","fbp",0,1,0,0
"1628","bfr",0,1,0,0
"1629","ugpA",0,1,0,0
"1630","ascG",0,1,0,0
"1631","ybaY",0,1,0,0
"1632","sgcX",0,1,0,0
"1633","cadC",0,1,0,0
"1634","ydhK",0,1,0,0
"1635","yliI",0,1,0,0
"1636","yeaG",0,1,0,0
"1637","ybaQ",0,1,0,0
"1638","chaB",0,1,0,0
"1639","dcrB",0,1,0,0
"1640","sapF",0,1,0,0
"1641","ypfJ",0,1,0,0
"1642","ycaN",0,1,0,0
"1643","yggE",0,1,0,0
"1644","yjjV",0,1,0,0
"1645","yohC",0,1,0,0
"1646","yaeR",0,1,0,0
"1647","yjbJ",0,1,0,0
"1648","ssuC",0,1,0,0
"1649","ssuA",0,1,0,0
"1650","narK",0,1,0,0
"1651","ssuE",0,1,0,0
"1652","degP",0,1,0,0
"1653","ydeM",0,1,0,0
"1654","metB",0,1,0,0
"1655","mazG",0,1,0,0
"1656","yfiR",0,1,0,0
"1657","rpmI",0,1,0,0
"1658","nuoM",0,1,0,0
"1659","pbpG",0,1,0,0
"1660","ygjK",0,1,0,0
"1661","cysI",0,1,0,0
"1662","holE",0,1,0,0
"1663","dmsC",0,1,0,0
"1664","dppF",0,1,0,0
"1665","thiG",0,1,0,0
"1666","thiF",0,1,0,0
"1667","thiH",0,1,0,0
"1668","thiE",0,1,0,0
"1669","cpxP",0,1,0,0
"1670","thiC",0,1,0,0
"1671","thiS",0,1,0,0
"1672","sohB",0,1,0,0
"1673","bioD",0,1,0,0
"1674","yneJ",0,1,0,0
"1675","mltD",0,1,0,0
"1676","gnsB",0,1,0,0
"1677","accC",0,1,0,0
"1678","ycaP",0,1,0,0
"1679","ycaD",0,1,0,0
"1680","yegP",0,1,0,0
"1681","ubiX",0,1,0,0
"1682","allB",0,1,0,0
"1683","kch",0,1,0,0
"1684","cspE",0,1,0,0
"1685","yegZ",0,1,0,0
"1686","tadA",0,1,0,0
"1687","amiA",0,1,0,0
"1688","carB",0,1,0,0
"1689","ampG",0,1,0,0
"1690","cysB",0,1,0,0
"1691","uxaB",0,1,0,0
"1692","cysP",0,1,0,0
"1693","ykiA",0,1,0,0
"1694","yfeR",0,1,0,0
"1695","araH",0,1,0,0
"1696","yahK",0,1,0,0
"1697","ybiO",0,1,0,0
"1698","yohF",0,1,0,0
"1699","ydeI",0,1,0,0
"1700","pphA",0,1,0,0
"1701","gcl",0,1,0,0
"1702","yghA",0,1,0,0
"1703","ydfE",0,1,0,0
"1704","ldcC",0,1,0,0
"1705","ydeJ",0,1,0,0
"1706","yrbL",0,1,0,0
"1707","dsdX",0,1,0,0
"1708","asnB",0,1,0,0
"1709","ssnA",0,1,0,0
"1710","dppD",0,1,0,0
"1711","bglB",0,1,0,0
"1712","ygiV",0,1,0,0
"1713","yhjD",0,1,0,0
"1714","ybhP",0,1,0,0
"1715","yncG",0,1,0,0
"1716","ybcM",0,1,0,0
"1717","yqjK",0,1,0,0
"1718","gntP",0,1,0,0
"1719","artJ",0,1,0,0
"1720","yqcA",0,1,0,0
"1721","yibJ",0,1,0,0
"1722","frmB",0,1,0,0
"1723","uxuA",0,1,0,0
"1724","argD",0,1,0,0
"1725","lpxC",0,1,0,0
"1726","ydjF",0,1,0,0
"1727","dksA",1,0,0.666666666666667,0.333333333333333
"1728","uidA",0,1,0,0
"1729","ompA",0,1,0,0
"1730","ydgC",0,1,0,0
"1731","pcm",0,1,0,0
"1732","ymgD",0,1,0,0
"1733","argR",0,1,0,0
"1734","ychN",0,1,0,0
"1735","caiF",0,1,0,0
"1736","narQ",0,1,0,0
"1737","yibA",0,1,0,0
"1738","yahB",0,1,0,0
"1739","mtlA",0,1,0,0
"1740","ygjR",0,1,0,0
"1741","yfjD",0,1,0,0
"1742","dgkA",0,1,0,0
"1743","ybjQ",0,1,0,0
"1744","dctA",0,1,0,0
"1745","soxR",1,0,0,1
"1746","ftsX",0,1,0,0
"1747","glyS",0,1,0,0
"1748","yddM",0,1,0,0
"1749","def",0,1,0,0
"1750","ydcH",0,1,0,0
"1751","yhfG",0,1,0,0
"1752","xylA",0,1,0,0
"1753","nanT",0,1,0,0
"1754","sbp",0,1,0,0
"1755","ytfH",0,1,0,0
"1756","sixA",0,1,0,0
"1757","yeiQ",0,1,0,0
"1758","mgtA",0,1,0,0
"1759","ugpQ",0,1,0,0
"1760","aceA",0,1,0,0
"1761","ydcT",0,1,0,0
"1762","rpoN",1,0,0,1
"1763","arcB",0,1,0,0
"1764","dppB",0,1,0,0
"1765","aceB",0,1,0,0
"1766","ugd",0,1,0,0
"1767","dnaX",0,1,0,0
"1768","ftsI",0,1,0,0
"1769","iscS",0,1,0,0
"1770","dppA",0,1,0,0
"1771","glgP",0,1,0,0
"1772","yfbV",0,1,0,0
"1773","yfeY",0,1,0,0
"1774","ygiN",0,1,0,0
"1775","yibH",0,1,0,0
"1776","trxB",0,1,0,0
"1777","ypdC",0,1,0,0
"1778","araG",0,1,0,0
"1779","nanA",0,1,0,0
"1780","yggN",0,1,0,0
"1781","yciW",0,1,0,0
"1782","csiE",0,1,0,0
"1783","yeeY",0,1,0,0
"1784","nagE",0,1,0,0
"1785","yfcH",0,1,0,0
"1786","rob",1,0,0,1
"1787","yaiO",0,1,0,0
"1788","gltS",0,1,0,0
"1789","nlpC",0,1,0,0
"1790","ytfB",0,1,0,0
"1791","xylB",0,1,0,0
"1792","fic",0,1,0,0
"1793","ybhL",0,1,0,0
"1794","hns",1,0,1,0
"1795","yihI",0,1,0,0
"1796","rhaD",0,1,0,0
"1797","yhjB",0,1,0,0
"1798","ybiI",0,1,0,0
"1799","yniB",0,1,0,0
"1800","yqiB",0,1,0,0
"1801","mtlD",0,1,0,0
"1802","ubiF",0,1,0,0
"1803","hycI",0,1,0,0
"1804","folA",0,1,0,0
"1805","folX",0,1,0,0
"1806","yhhT",0,1,0,0
"1807","ybdK",0,1,0,0
"1808","kdpE",0,1,0,0
"1809","rhsA",0,1,0,0
"1810","fabB",0,1,0,0
"1811","fur",1,0,1,0
"1812","ycgN",0,1,0,0
"1813","yiiM",0,1,0,0
"1814","leuL",0,1,0,0
"1815","ydiO",0,1,0,0
"1816","cpdA",0,1,0,0
"1817","yiiR",0,1,0,0
"1818","yeeO",0,1,0,0
"1819","ygbK",0,1,0,0
"1820","ribC",0,1,0,0
"1821","ribB",0,1,0,0
"1822","ytfQ",0,1,0,0
"1823","yghB",0,1,0,0
"1824","yifL",0,1,0,0
"1825","garK",0,1,0,0
"1826","yqgA",0,1,0,0
"1827","yfgI",0,1,0,0
"1828","ftsL",0,1,0,0
"1829","yejA",0,1,0,0
"1830","talB",0,1,0,0
"1831","ubiA",0,1,0,0
"1832","ydcA",0,1,0,0
"1833","ydcK",0,1,0,0
"1834","lrhA",0,1,0,0
"1835","rhsB",0,1,0,0
"1836","thrL",0,1,0,0
"1837","treF",0,1,0,0
"1838","yjgA",0,1,0,0
"1839","yfhM",0,1,0,0
"1840","mioC",0,1,0,0
"1841","rpmE",0,1,0,0
"1842","lpp",0,1,0,0
"1843","ubiG",0,1,0,0
"1844","yiaF",0,1,0,0
"1845","slyA",0,1,0,0
"1846","yfdE",0,1,0,0
"1847","ycgI",0,1,0,0
"1848","galR",0,1,0,0
"1849","ycbJ",0,1,0,0
"1850","ytfR",0,1,0,0
"1851","gor",0,1,0,0
"1852","ygjH",0,1,0,0
"1853","clpP",0,1,0,0
"1854","yeaY",0,1,0,0
"1855","yoaC",0,1,0,0
"1856","yibI",0,1,0,0
"1857","nagB",0,1,0,0
"1858","yafQ",0,1,0,0
"1859","rna",0,1,0,0
"1860","cmtA",0,1,0,0
"1861","yjiJ",0,1,0,0
"1862","kdpD",0,1,0,0
"1863","ycaL",0,1,0,0
"1864","helD",0,1,0,0
"1865","yaiT",0,1,0,0
"1866","rtcB",0,1,0,0
"1867","setA",0,1,0,0
"1868","uidC",0,1,0,0
"1869","psd",0,1,0,0
"1870","uidB",0,1,0,0
"1871","yqhC",0,1,0,0
"1872","yraJ",0,1,0,0
"1873","hemL",0,1,0,0
"1874","yecH",0,1,0,0
"1875","eutB",0,1,0,0
"1876","ycaI",0,1,0,0
"1877","eutC",0,1,0,0
"1878","yphA",0,1,0,0
"1879","ybdD",0,1,0,0
"1880","lacA",0,1,0,0
"1881","ygfB",0,1,0,0
"1882","tam",0,1,0,0
"1883","ydcY",0,1,0,0
"1884","ispZ",0,1,0,0
"1885","yihS",0,1,0,0
"1886","yidQ",0,1,0,0
"1887","yajD",0,1,0,0
"1888","ada",0,1,0,0
"1889","uxaA",0,1,0,0
"1890","greB",0,1,0,0
"1891","yafC",0,1,0,0
"1892","ptsN",0,1,0,0
"1893","ilvL",0,1,0,0
"1894","phoR",0,1,0,0
"1895","rbn",0,1,0,0
"1896","ugpE",0,1,0,0
"1897","uvrA",0,1,0,0
"1898","pgpA",0,1,0,0
"1899","yabI",0,1,0,0
"1900","argG",0,1,0,0
"1901","acpP",0,1,0,0
"1902","frr",0,1,0,0
"1903","crp",1,0,0,1
"1904","fldB",0,1,0,0
"1905","feaR",0,1,0,0
"1906","fucU",0,1,0,0
"1907","intB",0,1,0,0
"1908","ydcS",0,1,0,0
"1909","glk",0,1,0,0
"1910","slyD",0,1,0,0
"1911","yhhW",0,1,0,0
"1912","garP",0,1,0,0
"1913","norV",0,1,0,0
"1914","yfeS",0,1,0,0
"1915","csrA",1,0,1,0
"1916","hfq",0,1,0,0
"1917","frmA",0,1,0,0
"1918","marA",1,0,0.5,0.5
"1919","rprA",1,0,0,1
"1920","phoP",0,1,0,0
"1921","rclB",0,1,0,0
"1922","tsuA",0,1,0,0
"1923","tsuB",0,1,0,0
"1924","hiuH",0,1,0,0
"1925","msrP",0,1,0,0
"1926","msrQ",0,1,0,0
"1927","yjgH",0,1,0,0
"1928","bdcA",0,1,0,0
"1929","yfcF",0,1,0,0
"1930","recN",0,1,0,0
"1931","nfo",0,1,0,0
"1932","hscA",0,1,0,0
"1933","iscX",0,1,0,0
"1934","cbl",0,1,0,0
"1935","cysC",0,1,0,0
"1936","cysH",0,1,0,0
"1937","cysA",0,1,0,0
"1938","cysW",0,1,0,0
"1939","bhsA",0,1,0,0
"1940","ldtC",0,1,0,0
"1941","comR",0,1,0,0
"1942","kefC",0,1,0,0
"1943","tcyN",0,1,0,0
"1944","msrP",0,1,0,0
"1945","msrQ",0,1,0,0
"1946","cynT",0,1,0,0
"1947","cynS",0,1,0,0
"1948","cynX",0,1,0,0
"1949","yqhG",0,1,0,0
"1950","arnB",0,1,0,0
"1951","yjcH",0,1,0,0
"1952","trpC",0,1,0,0
"1953","cspB",0,1,0,0
"1954","ygeY",0,1,0,0
"1955","hyuA",0,1,0,0
"1956","xdhD",0,1,0,0
"1957","flu",0,1,0,0
"1958","ygfM",0,1,0,0
"1959","mokA",0,1,0,0
"1960","ygeX",0,1,0,0
"1961","cspB",0,1,0,0
"1962","fimF",0,1,0,0
"1963","ygaY",0,1,0,0
"1964","ttcC",0,1,0,0
"1965","ompF",0,1,0,0
"1966","puuA",0,1,0,0
"1967","yceK",0,1,0,0
"1968","uspG",0,1,0,0
"1969","xanP",0,1,0,0
"1970","ymdF",0,1,0,0
"1971","cbpM",0,1,0,0
"1972","yncL",0,1,0,0
"1973","metH",0,1,0,0
"1974","wcaF",0,1,0,0
"1975","waaH",0,1,0,0
"1976","ytfF",0,1,0,0
"1977","btsT",0,1,0,0
"1978","hyfD",0,1,0,0
"1979","rutD",0,1,0,0
"1980","aas",0,1,0,0
"1981","trmJ",0,1,0,0
"1982","tmk",0,1,0,0
"1983","pspF",0,1,0,0
"1984","yfaX",0,1,0,0
"1985","oxyR",1,0,0,1
"1986","btsT",0,1,0,0
"1987","glnQ",0,1,0,0
"1988","ddpF",0,1,0,0
"1989","ydeN",0,1,0,0
"1990","yeaV",0,1,0,0
"1991","fruB",0,1,0,0
"1992","focB",0,1,0,0
"1993","lgoT",0,1,0,0
"1994","ivy",0,1,0,0
"1995","yaiY",0,1,0,0
"1996","ldtB",0,1,0,0
"1997","ycfJ",0,1,0,0
"1998","ydcF",0,1,0,0
"1999","mgrB",0,1,0,0
"2000","letB",0,1,0,0
"2001","yodD",0,1,0,0
"2002","rcsD",0,1,0,0
"2003","hda",0,1,0,0
"2004","pgpC",0,1,0,0
"2005","kbp",0,1,0,0
"2006","ygaP",0,1,0,0
"2007","lplT",0,1,0,0
"2008","yhdN",0,1,0,0
"2009","yhiJ",0,1,0,0
"2010","yicN",0,1,0,0
"2011","psiE",0,1,0,0
"2012","yjcB",0,1,0,0
"2013","pdeC",0,1,0,0
"2014","qorB",0,1,0,0
"2015","bglJ",0,1,0,0
"2016","hisC",0,1,0,0
"2017","livK",0,1,0,0
"2018","tesA",0,1,0,0
"2019","trpD",0,1,0,0
"2020","tcyL",0,1,0,0
"2021","garD",0,1,0,0
"2022","garL",0,1,0,0
"2023","sgbH",0,1,0,0
"2024","uxuB",0,1,0,0
"2025","hcxB",0,1,0,0
"2026","rihA",0,1,0,0
"2027","rihC",0,1,0,0
"2028","ccmC",0,1,0,0
"2029","nohD",0,1,0,0
"2030","sbcB",0,1,0,0
"2031","insH10",0,1,0,0
"2032","insH11",0,1,0,0
"2033","insH3",0,1,0,0
"2034","insH4",0,1,0,0
"2035","insH5",0,1,0,0
"2036","insH6",0,1,0,0
"2037","insH7",0,1,0,0
"2038","insH8",0,1,0,0
"2039","insH9",0,1,0,0
"2040","dgcT",0,1,0,0
"2041","fabR",0,1,0,0
"2042","grcA",0,1,0,0
"2043","cdaR",0,1,0,0
"2044","alaE",0,1,0,0
"2045","yhcE",0,1,0,0
"2046","iraD",0,1,0,0
"2047","ymfL",0,1,0,0
"2048","ypdK",0,1,0,0
"2049","yjbT",0,1,0,0
"2050","livJ",0,1,0,0
"2051","malE",0,1,0,0
"2052","ghxP",0,1,0,0
"2053","ybdL",0,1,0,0
"2054","bssS",0,1,0,0
"2055","yibT",0,1,0,0
"2056","metL",0,1,0,0
"2057","metA",0,1,0,0
"2058","atoD",0,1,0,0
"2059","atoA",0,1,0,0
"2060","rhaA",0,1,0,0
"2061","ykgJ",0,1,0,0
"2062","ybiJ",0,1,0,0
"2063","azoR",0,1,0,0
"2064","yncJ",0,1,0,0
"2065","yhaK",0,1,0,0
"2066","pspG",0,1,0,0
"2067","chiX",0,1,0,0
"2068","ybeD",0,1,0,0
"2069","hspQ",0,1,0,0
"2070","norR",0,1,0,0
"2071","argH",0,1,0,0
"2072","sokX",0,1,0,0
"2073","micA",0,1,0,0
"2074","bssR",0,1,0,0
"2075","ldtE",0,1,0,0
"2076","fklB",0,1,0,0
"2077","tomB",0,1,0,0
"2078","chiP",0,1,0,0
"2079","chiQ",0,1,0,0
"2080","dgcZ",0,1,0,0
"2081","yoaI",0,1,0,0
"2082","hisL",0,1,0,0
"2083","yfgG",0,1,0,0
"2084","gcvB",0,1,0,0
"2085","ryhB",0,1,0,0
"2086","ydcV",0,1,0,0
"2087","patD",0,1,0,0
"2088","rhaS",0,1,0,0
"2089","crcB",0,1,0,0
"2090","feoA",0,1,0,0
"2091","fimB",0,1,0,0
"2092","lrp",1,0,0.333333333333333,0.666666666666667
"2093","nlpD",0,1,0,0
"2094","relB",0,1,0,0
"2095","relE",0,1,0,0
"2096","ruvA",0,1,0,0
"2097","sdiA",0,1,0,0
"2098","yajI",0,1,0,0
"2099","ybbC",0,1,0,0
"2100","ybcW",0,1,0,0
"2101","ycgJ",0,1,0,0
"2102","ycgL",0,1,0,0
"2103","ycgZ",0,1,0,0
"2104","ychE",0,1,0,0
"2105","ydcD",0,1,0,0
"2106","yefM",0,1,0,0
"2107","ygaC",0,1,0,0
"2108","yhhX",0,1,0,0
"2109","yiiF",0,1,0,0
"2110","lspA",0,1,0,0
"2111","nuoE",0,1,0,0
"2112","nuoF",0,1,0,0
"2113","pgk",0,1,0,0
"2114","rfbX",0,1,0,0
"2115","thyA",0,1,0,0
"2116","tktA",0,1,0,0
"2117","ybiW",0,1,0,0
"2118","yedF",0,1,0,0
"2119","accD",0,1,0,0
"2120","agaR",0,1,0,0
"2121","allR",0,1,0,0
"2122","chpS",0,1,0,0
"2123","cobU",0,1,0,0
"2124","corA",0,1,0,0
"2125","creA",0,1,0,0
"2126","cybB",0,1,0,0
"2127","dicA",0,1,0,0
"2128","dsrB",0,1,0,0
"2129","dtd",0,1,0,0
"2130","flxA",0,1,0,0
"2131","ftsE",0,1,0,0
"2132","ftsY",0,1,0,0
"2133","hipB",0,1,0,0
"2134","intF",0,1,0,0
"2135","mobA",0,1,0,0
"2136","mobB",0,1,0,0
"2137","ogrK",0,1,0,0
"2138","panD",0,1,0,0
"2139","pdxJ",0,1,0,0
"2140","ssb",0,1,0,0
"2141","sulA",0,1,0,0
"2142","tfaS",0,1,0,0
"2143","umuD",0,1,0,0
"2144","yacC",0,1,0,0
"2145","yciN",0,1,0,0
"2146","yebG",0,1,0,0
"2147","yedJ",0,1,0,0
"2148","yeiS",0,1,0,0
"2149","yfdK",0,1,0,0
"2150","yhaJ",0,1,0,0
"2151","yhbP",0,1,0,0
"2152","yhhM",0,1,0,0
"2153","yibL",0,1,0,0
"2154","yidB",0,1,0,0
"2155","yifN",0,1,0,0
"2156","yihD",0,1,0,0
"2157","yjaG",0,1,0,0
"2158","yjbD",0,1,0,0
"2159","yjdJ",0,1,0,0
"2160","yjjX",0,1,0,0
"2161","ymfK",0,1,0,0
"2162","ymgA",0,1,0,0
"2163","ynjH",0,1,0,0
"2164","yoaF",0,1,0,0
"2165","yoaH",0,1,0,0
"2166","yrdA",0,1,0,0
"2167","zipA",0,1,0,0
"2168","alaX",0,1,0,0
"2169","ansA",0,1,0,0
"2170","argQ",0,1,0,0
"2171","argZ",0,1,0,0
"2172","artI",0,1,0,0
"2173","artP",0,1,0,0
"2174","fbaA",0,1,0,0
"2175","glnS",0,1,0,0
"2176","glnW",0,1,0,0
"2177","gltT",0,1,0,0
"2178","gltU",0,1,0,0
"2179","gltV",0,1,0,0
"2180","gltW",0,1,0,0
"2181","ileT",0,1,0,0
"2182","ileU",0,1,0,0
"2183","leuW",0,1,0,0
"2184","lysQ",0,1,0,0
"2185","lysT",0,1,0,0
"2186","lysW",0,1,0,0
"2187","lysY",0,1,0,0
"2188","lysZ",0,1,0,0
"2189","metT",0,1,0,0
"2190","metU",0,1,0,0
"2191","nuoA",0,1,0,0
"2192","nuoB",0,1,0,0
"2193","oppA",0,1,0,0
"2194","pepQ",0,1,0,0
"2195","potC",0,1,0,0
"2196","pssA",0,1,0,0
"2197","rfaD",0,1,0,0
"2198","ribE",0,1,0,0
"2199","serT",0,1,0,0
"2200","thrV",0,1,0,0
"2201","tyrT",0,1,0,0
"2202","tyrV",0,1,0,0
"2203","yfdH",0,1,0,0
"2204","yfaZ",0,1,0,0
"2205","ampD",0,1,0,0
"2206","cueR",0,1,0,0
"2207","intR",0,1,0,0
"2208","priC",0,1,0,0
"2209","seqA",0,1,0,0
"2210","yajG",0,1,0,0
"2211","ytfP",0,1,0,0
