"","V1","FBL_number","No_FBL","FBL"
"1","aaeR",0,0,1
"2","adiY",2,0,1
"3","agrB",0,0,1
"4","allS",0,0,1
"5","alpA",0,0,1
"6","alsR",0,0,1
"7","ameF",0,0,1
"8","arcZ",2,0,1
"9","argP",1,0,1
"10","arrS",1,0,1
"11","arsR",0,0,1
"12","asflhD",0,0,1
"13","atoC",0,0,1
"14","azuR",0,0,1
"15","baeR",0,0,1
"16","basR",0,0,1
"17","bglG",0,0,1
"18","birA",0,0,1
"19","bluR",0,0,1
"20","btsR",0,0,1
"21","C0293",0,0,1
"22","cecR",0,0,1
"23","chbR",0,0,1
"24","citR",0,0,1
"25","cpxQ",0,0,1
"26","cra",21,0,1
"27","csqR",0,0,1
"28","cyaR",31,0,1
"29","cynR",0,0,1
"30","decR",0,0,1
"31","deoR",0,0,1
"32","dgoR",0,0,1
"33","dhaR",0,0,1
"34","dicF",0,0,1
"35","dpiA",0,0,1
"36","dsdC",0,0,1
"37","dsrA",29,0,1
"38","ebgR",0,0,1
"39","envR",0,0,1
"40","envY",0,0,1
"41","fhlA",0,0,1
"42","fimR2",0,0,1
"43","fimZ",0,0,1
"44","fnrS",0,0,1
"45","frlR",0,0,1
"46","gadW",18,0,1
"47","gadY",20,0,1
"48","gatR",0,0,1
"49","gcvA",0,0,1
"50","glaR",0,0,1
"51","glmZ",0,0,1
"52","glnZ",0,0,1
"53","glpR",0,0,1
"54","glrR",0,0,1
"55","gntR",0,0,1
"56","hicB",0,0,1
"57","higA",1,0,1
"58","higB",1,0,1
"59","hipA",1,0,1
"60","hprR",0,0,1
"61","hupB",2,0,1
"62","hyfR",0,0,1
"63","hypT",0,0,1
"64","ihfA",68,0,1
"65","ihfB",78,0,1
"66","ilvY",0,0,1
"67","istR",0,0,1
"68","kdgR",0,0,1
"69","lacI",0,0,1
"70","leuO",15,0,1
"71","lsrR",0,0,1
"72","lysR",0,0,1
"73","malH",0,0,1
"74","matA",0,0,1
"75","mazE",1,0,1
"76","mazF",1,0,1
"77","mcaS",0,0,1
"78","mcbR",0,0,1
"79","mgrR",0,0,1
"80","micC",0,0,1
"81","micF",58,0,1
"82","micL",0,0,1
"83","mlc",0,0,1
"84","mngR",0,0,1
"85","mntR",0,0,1
"86","modE",0,0,1
"87","mprA",0,0,1
"88","mqsA",10,0,1
"89","mraZ",0,0,1
"90","murR",0,0,1
"91","nagC",0,0,1
"92","nanR",0,0,1
"93","nemR",0,0,1
"94","nfeR",0,0,1
"95","nikR",0,0,1
"96","nimR",0,0,1
"97","nsrR",0,0,1
"98","ohsC",0,0,1
"99","omrA",1,0,1
"100","omrB",1,0,1
"101","oxyS",13,0,1
"102","paaX",0,0,1
"103","pgrR",0,0,1
"104","plaR",0,0,1
"105","ptrR",0,0,1
"106","punR",0,0,1
"107","puuR",0,0,1
"108","pyrR",0,0,1
"109","qseB",4,0,1
"110","racR",0,0,1
"111","ralA",0,0,1
"112","rcdA",0,0,1
"113","rclR",0,0,1
"114","rcnR",0,0,1
"115","rhaR",0,0,1
"116","rseX",0,0,1
"117","rspR",0,0,1
"118","rtcR",0,0,1
"119","rutR",8,0,1
"120","rybB",0,0,1
"121","rydC",0,0,1
"122","sdhX",0,0,1
"123","sdsN",0,0,1
"124","sdsR",0,0,1
"125","selB",0,0,1
"126","sgrR",0,0,1
"127","sgrS",1,0,1
"128","sibC",0,0,1
"129","spf",0,0,1
"130","sraG",0,0,1
"131","srsR",0,0,1
"132","stfZ",0,0,1
"133","sutR",0,0,1
"134","sxy",0,0,1
"135","symR",0,0,1
"136","tdcR",0,0,1
"137","thrS",0,0,1
"138","torR",10,0,1
"139","treR",0,0,1
"140","trpR",0,0,1
"141","tyrR",0,0,1
"142","uhpA",0,0,1
"143","uidR",0,0,1
"144","uxuR",1,0,1
"145","xapR",0,0,1
"146","xylR",0,0,1
"147","xynR",0,0,1
"148","ycjW",0,0,1
"149","ydeO",9,0,1
"150","yeiL",0,0,1
"151","yiaU",0,0,1
"152","yidZ",0,0,1
"153","yjjQ",0,0,1
"154","yoeB",1,0,1
"155","zur",0,0,1
"156","rnhA",0,0,1
"157","minD",0,0,1
"158","emrE",0,0,1
"159","mrcB",0,0,1
"160","dnaQ",0,0,1
"161","minE",0,0,1
"162","ffh",0,0,1
"163","minC",0,0,1
"164","ffs",0,0,1
"165","dnaC",0,0,1
"166","ppa",0,0,1
"167","dosP",0,0,1
"168","mdfA",0,0,1
"169","ggt",0,0,1
"170","vsr",0,0,1
"171","glnE",0,0,1
"172","mutH",0,0,1
"173","dxr",0,0,1
"174","secM",0,0,1
"175","clcA",0,0,1
"176","pgsA",0,0,1
"177","mug",0,0,1
"178","mnmE",0,0,1
"179","topB",0,0,1
"180","rcsC",0,0,1
"181","mrdB",0,0,1
"182","clsA",0,0,1
"183","gldA",0,0,1
"184","menD",0,0,1
"185","truA",0,0,1
"186","rppH",0,0,1
"187","dnaT",0,0,1
"188","rodZ",0,0,1
"189","cyaY",0,0,1
"190","recE",0,0,1
"191","maeB",0,0,1
"192","hokC",0,0,1
"193","ftsP",0,0,1
"194","murJ",0,0,1
"195","ushA",0,0,1
"196","fre",0,0,1
"197","panE",0,0,1
"198","btuC",0,0,1
"199","tag",0,0,1
"200","insO",0,0,1
"201","hemC",0,0,1
"202","murB",0,0,1
"203","proA",0,0,1
"204","nfi",0,0,1
"205","lit",0,0,1
"206","hemG",0,0,1
"207","trmL",0,0,1
"208","rcsF",0,0,1
"209","mcrA",0,0,1
"210","recT",0,0,1
"211","zapA",0,0,1
"212","aes",0,0,1
"213","endA",0,0,1
"214","lolE",0,0,1
"215","lplA",0,0,1
"216","kup",0,0,1
"217","cybC",0,0,1
"218","lolD",0,0,1
"219","rlmN",0,0,1
"220","yicR",0,0,1
"221","ftsB",0,0,1
"222","nadK",0,0,1
"223","barA",0,0,1
"224","guaC",0,0,1
"225","mog",0,0,1
"226","ptrB",0,0,1
"227","matP",0,0,1
"228","pbpC",0,0,1
"229","etk",0,0,1
"230","uhpC",0,0,1
"231","epmA",0,0,1
"232","lpxM",0,0,1
"233","ldcA",0,0,1
"234","tsaD",0,0,1
"235","solA",0,0,1
"236","rusA",0,0,1
"237","cobB",0,0,1
"238","pdxB",0,0,1
"239","folB",0,0,1
"240","yajL",0,0,1
"241","nagZ",0,0,1
"242","lptE",0,0,1
"243","dacD",0,0,1
"244","fcl",0,0,1
"245","basS",0,0,1
"246","tesB",0,0,1
"247","trkG",0,0,1
"248","yggX",0,0,1
"249","gpp",0,0,1
"250","gdx",0,0,1
"251","macB",0,0,1
"252","cnu",0,0,1
"253","sapD",0,0,1
"254","rlmA",0,0,1
"255","xanQ",0,0,1
"256","rlmH",0,0,1
"257","emtA",0,0,1
"258","gmm",0,0,1
"259","tusA",0,0,1
"260","opgB",0,0,1
"261","djlA",0,0,1
"262","sdhE",0,0,1
"263","plsC",0,0,1
"264","bcr",0,0,1
"265","torS",0,0,1
"266","mdtK",0,0,1
"267","fsaA",0,0,1
"268","mnmC",0,0,1
"269","clcB",0,0,1
"270","truD",0,0,1
"271","ygdG",0,0,1
"272","rbbA",0,0,1
"273","zapB",0,0,1
"274","yaaW",0,0,1
"275","csdE",0,0,1
"276","trmB",0,0,1
"277","gpr",0,0,1
"278","kefF",0,0,1
"279","gmhB",0,0,1
"280","ltaE",0,0,1
"281","cpsB",0,0,1
"282","selU",0,0,1
"283","radA",0,0,1
"284","ybfF",0,0,1
"285","rhsC",0,0,1
"286","rlmL",0,0,1
"287","pinE",0,0,1
"288","rsmE",0,0,1
"289","rsmB",0,0,1
"290","qorA",0,0,1
"291","icdC",0,0,1
"292","yajQ",0,0,1
"293","sfmD",0,0,1
"294","quuD",0,0,1
"295","cmoA",0,0,1
"296","gmd",0,0,1
"297","wcaJ",0,0,1
"298","mepS",0,0,1
"299","menH",0,0,1
"300","queC",0,0,1
"301","yqiK",0,0,1
"302","ubiD",0,0,1
"303","lpoB",0,0,1
"304","rlmB",0,0,1
"305","tamA",0,0,1
"306","aslA",0,0,1
"307","yfcU",0,0,1
"308","hokA",0,0,1
"309","insH1",0,0,1
"310","hscC",0,0,1
"311","btuR",0,0,1
"312","tsaB",0,0,1
"313","eutL",0,0,1
"314","yfgM",0,0,1
"315","zupT",0,0,1
"316","kduD",0,0,1
"317","bglA",0,0,1
"318","arpA",0,0,1
"319","insF1",0,0,1
"320","insE1",0,0,1
"321","lptG",0,0,1
"322","ynaI",0,0,1
"323","rimL",0,0,1
"324","ydfT",0,0,1
"325","hldE",0,0,1
"326","mtgA",0,0,1
"327","tsaC",0,0,1
"328","hemE",0,0,1
"329","dtpC",0,0,1
"330","ytjC",0,0,1
"331","mak",0,0,1
"332","cydX",0,0,1
"333","insB1",0,0,1
"334","yddE",0,0,1
"335","thpR",0,0,1
"336","insC1",0,0,1
"337","rlpA",0,0,1
"338","ybhA",0,0,1
"339","gsiB",0,0,1
"340","rhsE",0,0,1
"341","cmoB",0,0,1
"342","yehB",0,0,1
"343","ptsP",0,0,1
"344","yqiG",0,0,1
"345","diaA",0,0,1
"346","glmM",0,0,1
"347","elbB",0,0,1
"348","rhtC",0,0,1
"349","folM",0,0,1
"350","gloB",0,0,1
"351","insC2",0,0,1
"352","mmuM",0,0,1
"353","pncA",0,0,1
"354","insC3",0,0,1
"355","qseG",0,0,1
"356","insC4",0,0,1
"357","plsY",0,0,1
"358","eptC",0,0,1
"359","yjaA",0,0,1
"360","rluF",0,0,1
"361","tamB",0,0,1
"362","insC6",0,0,1
"363","citT",0,0,1
"364","ybaZ",0,0,1
"365","rluB",0,0,1
"366","ydeT",0,0,1
"367","torZ",0,0,1
"368","ybgQ",0,0,1
"369","wzxC",0,0,1
"370","pdeN",0,0,1
"371","syd",0,0,1
"372","dtpD",0,0,1
"373","bcsA",0,0,1
"374","ghrB",0,0,1
"375","yidJ",0,0,1
"376","yidA",0,0,1
"377","tldE",0,0,1
"378","lptF",0,0,1
"379","yaaA",0,0,1
"380","dedD",0,0,1
"381","ybcF",0,0,1
"382","paoA",0,0,1
"383","rimO",0,0,1
"384","mepK",0,0,1
"385","kilR",0,0,1
"386","opgD",0,0,1
"387","nudL",0,0,1
"388","cpsG",0,0,1
"389","eutR",0,0,1
"390","mdtH",0,0,1
"391","marC",0,0,1
"392","yggS",0,0,1
"393","yhaC",0,0,1
"394","rlmG",0,0,1
"395","lpoA",0,0,1
"396","insJ",0,0,1
"397","yiaY",0,0,1
"398","ahr",0,0,1
"399","acpH",0,0,1
"400","glvG",0,0,1
"401","satP",0,0,1
"402","zapD",0,0,1
"403","djlC",0,0,1
"404","ldtA",0,0,1
"405","clsB",0,0,1
"406","amiD",0,0,1
"407","mlaA",0,0,1
"408","gfcE",0,0,1
"409","nudJ",0,0,1
"410","yciO",0,0,1
"411","rnm",0,0,1
"412","zntB",0,0,1
"413","pdxI",0,0,1
"414","rsxG",0,0,1
"415","dmlA",0,0,1
"416","plaP",0,0,1
"417","dgcE",0,0,1
"418","setB",0,0,1
"419","yejE",0,0,1
"420","yejF",0,0,1
"421","flk",0,0,1
"422","ypdF",0,0,1
"423","wbbI",0,0,1
"424","yhdE",0,0,1
"425","pdeK",0,0,1
"426","adeQ",0,0,1
"427","alsK",0,0,1
"428","ttcA",0,0,1
"429","trmO",0,0,1
"430","yehH",0,0,1
"431","ghxQ",0,0,1
"432","cutC",0,0,1
"433","nfrA",0,0,1
"434","glsB",0,0,1
"435","rsfS",0,0,1
"436","djlB",0,0,1
"437","sapC",0,0,1
"438","valZ",0,0,1
"439","gstB",0,0,1
"440","zapC",0,0,1
"441","ycfH",0,0,1
"442","nagK",0,0,1
"443","adhP",0,0,1
"444","cspF",0,0,1
"445","rsxD",0,0,1
"446","rsxA",0,0,1
"447","menI",0,0,1
"448","pdeD",0,0,1
"449","yedK",0,0,1
"450","yedA",0,0,1
"451","yedI",0,0,1
"452","wcaM",0,0,1
"453","asmA",0,0,1
"454","rlmI",0,0,1
"455","mliC",0,0,1
"456","eutK",0,0,1
"457","eutD",0,0,1
"458","eutM",0,0,1
"459","yfiH",0,0,1
"460","nhoA",0,0,1
"461","tldD",0,0,1
"462","setC",0,0,1
"463","yjjB",0,0,1
"464","rmuC",0,0,1
"465","dgcP",0,0,1
"466","insL1",0,0,1
"467","yadK",0,0,1
"468","yagG",0,0,1
"469","yaeI",0,0,1
"470","paoD",0,0,1
"471","ybcJ",0,0,1
"472","wbbH",0,0,1
"473","sfmH",0,0,1
"474","elyC",0,0,1
"475","yacG",0,0,1
"476","cvrA",0,0,1
"477","tmcA",0,0,1
"478","msrC",0,0,1
"479","ydiN",0,0,1
"480","ydiF",0,0,1
"481","fadK",0,0,1
"482","ydjZ",0,0,1
"483","yfaL",0,0,1
"484","yegT",0,0,1
"485","eutE",0,0,1
"486","fetA",0,0,1
"487","eamB",0,0,1
"488","nudK",0,0,1
"489","ygbN",0,0,1
"490","tcdA",0,0,1
"491","guaD",0,0,1
"492","rpnA",0,0,1
"493","hsrA",0,0,1
"494","bioP",0,0,1
"495","yihP",0,0,1
"496","yihY",0,0,1
"497","yijE",0,0,1
"498","thiK",0,0,1
"499","yjdN",0,0,1
"500","ydaE",0,0,1
"501","yjhF",0,0,1
"502","rttR",0,0,1
"503","yhdP",0,0,1
"504","ydbA",0,0,1
"505","yjjJ",0,0,1
"506","yafJ",0,0,1
"507","rayT",0,0,1
"508","lafU",0,0,1
"509","paoC",0,0,1
"510","yahJ",0,0,1
"511","tusE",0,0,1
"512","mdlA",0,0,1
"513","ybiR",0,0,1
"514","pptA",0,0,1
"515","yfaV",0,0,1
"516","rhmD",0,0,1
"517","racC",0,0,1
"518","rlhA",0,0,1
"519","fdrA",0,0,1
"520","dmlR",0,0,1
"521","mepM",0,0,1
"522","nudI",0,0,1
"523","elfD",0,0,1
"524","pdeA",0,0,1
"525","eutN",0,0,1
"526","yfiM",0,0,1
"527","abpB",0,0,1
"528","prfH",0,0,1
"529","dgcF",0,0,1
"530","yqiJ",0,0,1
"531","prkB",0,0,1
"532","rsmD",0,0,1
"533","rlmJ",0,0,1
"534","yfaU",0,0,1
"535","htrL",0,0,1
"536","yiaB",0,0,1
"537","yicC",0,0,1
"538","yidK",0,0,1
"539","yidX",0,0,1
"540","yihN",0,0,1
"541","yihR",0,0,1
"542","hrpA",0,0,1
"543","hemX",0,0,1
"544","frwD",0,0,1
"545","yjbI",0,0,1
"546","kptA",0,0,1
"547","ubiJ",0,0,1
"548","btsS",0,0,1
"549","insX",0,0,1
"550","ldrB",0,0,1
"551","yeeL",0,0,1
"552","ylbE",0,0,1
"553","cydH",0,0,1
"554","yneO",0,0,1
"555","mokC",0,0,1
"556","eaeH",0,0,1
"557","ybbJ",0,0,1
"558","ybdO",0,0,1
"559","opgE",0,0,1
"560","ybhK",0,0,1
"561","roxA",0,0,1
"562","dusC",0,0,1
"563","ycbF",0,0,1
"564","gfcD",0,0,1
"565","cspH",0,0,1
"566","ymfR",0,0,1
"567","ydgA",0,0,1
"568","ydjE",0,0,1
"569","ydjK",0,0,1
"570","yecM",0,0,1
"571","hprS",0,0,1
"572","torY",0,0,1
"573","wcaD",0,0,1
"574","wbbK",0,0,1
"575","wcaK",0,0,1
"576","wcaI",0,0,1
"577","trhP",0,0,1
"578","yejK",0,0,1
"579","yfbS",0,0,1
"580","epmC",0,0,1
"581","anmK",0,0,1
"582","yfdR",0,0,1
"583","yfeW",0,0,1
"584","opgC",0,0,1
"585","sseB",0,0,1
"586","hcaT",0,0,1
"587","ygbM",0,0,1
"588","rlmD",0,0,1
"589","ygeO",0,0,1
"590","actS",0,0,1
"591","yqhA",0,0,1
"592","ubiK",0,0,1
"593","ecpC",0,0,1
"594","yfjT",0,0,1
"595","afuC",0,0,1
"596","yahD",0,0,1
"597","tusB",0,0,1
"598","yhhI",0,0,1
"599","bcsQ",0,0,1
"600","yibF",0,0,1
"601","yicL",0,0,1
"602","yidH",0,0,1
"603","yidG",0,0,1
"604","trpT",0,0,1
"605","ompL",0,0,1
"606","yjdF",0,0,1
"607","queG",0,0,1
"608","yjfJ",0,0,1
"609","tabA",0,0,1
"610","yjtD",0,0,1
"611","gfcB",0,0,1
"612","rzoD",0,0,1
"613","rzoR",0,0,1
"614","ryfA",0,0,1
"615","ygaQ",0,0,1
"616","ydfJ",0,0,1
"617","rpnC",0,0,1
"618","yagH",0,0,1
"619","ppnP",0,0,1
"620","ybgP",0,0,1
"621","ybbA",0,0,1
"622","ybaP",0,0,1
"623","ybaM",0,0,1
"624","ybcN",0,0,1
"625","hcxA",0,0,1
"626","etp",0,0,1
"627","ybfG",0,0,1
"628","perR",0,0,1
"629","ybiA",0,0,1
"630","gsiA",0,0,1
"631","gsiC",0,0,1
"632","gsiD",0,0,1
"633","ybjO",0,0,1
"634","ratA",0,0,1
"635","mltG",0,0,1
"636","paoB",0,0,1
"637","sieB",0,0,1
"638","smrA",0,0,1
"639","ydiK",0,0,1
"640","ydjX",0,0,1
"641","yiaC",0,0,1
"642","yedP",0,0,1
"643","wcaL",0,0,1
"644","wcaC",0,0,1
"645","yehP",0,0,1
"646","nupX",0,0,1
"647","ypdE",0,0,1
"648","eutP",0,0,1
"649","eutQ",0,0,1
"650","eutT",0,0,1
"651","yfhH",0,0,1
"652","afuB",0,0,1
"653","ygcR",0,0,1
"654","yqcE",0,0,1
"655","yqeI",0,0,1
"656","ygeL",0,0,1
"657","pbl",0,0,1
"658","mocA",0,0,1
"659","ygfF",0,0,1
"660","yggL",0,0,1
"661","yghU",0,0,1
"662","rcbA",0,0,1
"663","ybfB",0,0,1
"664","eutJ",0,0,1
"665","agaA",0,0,1
"666","yraI",0,0,1
"667","rsmI",0,0,1
"668","tusD",0,0,1
"669","yhhL",0,0,1
"670","yhhJ",0,0,1
"671","yhhH",0,0,1
"672","yhjY",0,0,1
"673","yidI",0,0,1
"674","yidR",0,0,1
"675","hemY",0,0,1
"676","frvX",0,0,1
"677","frvR",0,0,1
"678","frvB",0,0,1
"679","yjcE",0,0,1
"680","mdtO",0,0,1
"681","mdtP",0,0,1
"682","yjgL",0,0,1
"683","insG",0,0,1
"684","ecpB",0,0,1
"685","yjhE",0,0,1
"686","yjiG",0,0,1
"687","uacT",0,0,1
"688","yedD",0,0,1
"689","ypdI",0,0,1
"690","ymgF",0,0,1
"691","yicS",0,0,1
"692","yjiV",0,0,1
"693","rdlC",0,0,1
"694","yedN",0,0,1
"695","rdlA",0,0,1
"696","rdlB",0,0,1
"697","insZ",0,0,1
"698","yoeA",0,0,1
"699","ypfM",0,0,1
"700","sokA",0,0,1
"701","ybfI",0,0,1
"702","ythA",0,0,1
"703","yjhY",0,0,1
"704","rzoQ",0,0,1
"705","ibsA",0,0,1
"706","ibsB",0,0,1
"707","ibsE",0,0,1
"708","eyeA",0,0,1
"709","yohP",0,0,1
"710","yoaK",0,0,1
"711","yoaJ",0,0,1
"712","yjhR",0,0,1
"713","yaaI",0,0,1
"714","lfhA",0,0,1
"715","ykfC",0,0,1
"716","sfmF",0,0,1
"717","yaiI",0,0,1
"718","ybbD",0,0,1
"719","fetB",0,0,1
"720","ybeF",0,0,1
"721","cobC",0,0,1
"722","pxpC",0,0,1
"723","ybgD",0,0,1
"724","gloC",0,0,1
"725","ycbX",0,0,1
"726","yceO",0,0,1
"727","yceF",0,0,1
"728","yfjS",0,0,1
"729","ycfT",0,0,1
"730","ymfA",0,0,1
"731","ymfJ",0,0,1
"732","tfaE",0,0,1
"733","tfaP",0,0,1
"734","ycfK",0,0,1
"735","yghE",0,0,1
"736","rzpR",0,0,1
"737","ydbH",0,0,1
"738","rem",0,0,1
"739","ynfL",0,0,1
"740","rsxC",0,0,1
"741","tqsA",0,0,1
"742","rsxB",0,0,1
"743","ydaY",0,0,1
"744","ydjG",0,0,1
"745","mmuP",0,0,1
"746","letA",0,0,1
"747","yecN",0,0,1
"748","yfcS",0,0,1
"749","yfdS",0,0,1
"750","drpB",0,0,1
"751","cbeA",0,0,1
"752","cbtA",0,0,1
"753","tmaR",0,0,1
"754","wbbJ",0,0,1
"755","yehC",0,0,1
"756","yegW",0,0,1
"757","yehA",0,0,1
"758","yohD",0,0,1
"759","elaD",0,0,1
"760","fryA",0,0,1
"761","fumE",0,0,1
"762","yfeN",0,0,1
"763","yfeH",0,0,1
"764","yfjZ",0,0,1
"765","truC",0,0,1
"766","rlmC",0,0,1
"767","yahC",0,0,1
"768","ecpD",0,0,1
"769","yqgE",0,0,1
"770","yggI",0,0,1
"771","yggM",0,0,1
"772","ygjQ",0,0,1
"773","ypjC",0,0,1
"774","yhcF",0,0,1
"775","tusC",0,0,1
"776","php",0,0,1
"777","yhgN",0,0,1
"778","yhiL",0,0,1
"779","intE",0,0,1
"780","ysaA",0,0,1
"781","yidP",0,0,1
"782","rarD",0,0,1
"783","yigF",0,0,1
"784","frvA",0,0,1
"785","rhaM",0,0,1
"786","yiiX",0,0,1
"787","ptsA",0,0,1
"788","fsaB",0,0,1
"789","yijF",0,0,1
"790","ycfL",0,0,1
"791","mdtN",0,0,1
"792","yjeO",0,0,1
"793","yjfI",0,0,1
"794","paeA",0,0,1
"795","ybaA",0,0,1
"796","yjiS",0,0,1
"797","ykfA",0,0,1
"798","yjhQ",0,0,1
"799","fryC",0,0,1
"800","ubiV",0,0,1
"801","yaaY",0,0,1
"802","pmrR",0,0,1
"803","ypdJ",0,0,1
"804","topAI",0,0,1
"805","ghoT",0,0,1
"806","agrA",0,0,1
"807","rydB",0,0,1
"808","yigE",0,0,1
"809","ycgH",0,0,1
"810","sraB",0,0,1
"811","yedS",0,0,1
"812","wbbL",0,0,1
"813","yjgX",0,0,1
"814","yehK",0,0,1
"815","ymjB",0,0,1
"816","ydgU",0,0,1
"817","yqcG",0,0,1
"818","yqeL",0,0,1
"819","yqfG",0,0,1
"820","yobI",0,0,1
"821","yoeI",0,0,1
"822","yaaJ",0,0,1
"823","yadL",0,0,1
"824","insB3",0,0,1
"825","gfcC",0,0,1
"826","yahI",0,0,1
"827","insB4",0,0,1
"828","yfhR",0,0,1
"829","ylbH",0,0,1
"830","ybbP",0,0,1
"831","yncI",0,0,1
"832","ybcO",0,0,1
"833","ninE",0,0,1
"834","ybcL",0,0,1
"835","tfaD",0,0,1
"836","tfaX",0,0,1
"837","ybcH",0,0,1
"838","insD1",0,0,1
"839","yceM",0,0,1
"840","ygcG",0,0,1
"841","yaiP",0,0,1
"842","pxpA",0,0,1
"843","abrB",0,0,1
"844","ymfD",0,0,1
"845","ybbO",0,0,1
"846","ybhJ",0,0,1
"847","ybhN",0,0,1
"848","yfaY",0,0,1
"849","yegX",0,0,1
"850","ycdU",0,0,1
"851","beeE",0,0,1
"852","xisE",0,0,1
"853","ymfQ",0,0,1
"854","ymfN",0,0,1
"855","ymfI",0,0,1
"856","ymfM",0,0,1
"857","ymfT",0,0,1
"858","stfE",0,0,1
"859","yddL",0,0,1
"860","yjiM",0,0,1
"861","insB5",0,0,1
"862","ydaG",0,0,1
"863","digH",0,0,1
"864","ydcR",0,0,1
"865","yqcC",0,0,1
"866","essQ",0,0,1
"867","rrrQ",0,0,1
"868","rzpQ",0,0,1
"869","ydfU",0,0,1
"870","ydjO",0,0,1
"871","ydjY",0,0,1
"872","ynjB",0,0,1
"873","ynjC",0,0,1
"874","yeaL",0,0,1
"875","ydiQ",0,0,1
"876","asnW",0,0,1
"877","yeeJ",0,0,1
"878","yeeP",0,0,1
"879","yadE",0,0,1
"880","yeeA",0,0,1
"881","yfaT",0,0,1
"882","ecpE",0,0,1
"883","yeiI",0,0,1
"884","yafU",0,0,1
"885","yehQ",0,0,1
"886","psuT",0,0,1
"887","yfaH",0,0,1
"888","ymfE",0,0,1
"889","rpnE",0,0,1
"890","yfcR",0,0,1
"891","ygeF",0,0,1
"892","ypfG",0,0,1
"893","yqhH",0,0,1
"894","yfdT",0,0,1
"895","yjhP",0,0,1
"896","iprA",0,0,1
"897","yfeZ",0,0,1
"898","yffM",0,0,1
"899","yffL",0,0,1
"900","yphB",0,0,1
"901","yphF",0,0,1
"902","yfiE",0,0,1
"903","ybfL",0,0,1
"904","yfjP",0,0,1
"905","yfjY",0,0,1
"906","ypjF",0,0,1
"907","yegI",0,0,1
"908","ybdJ",0,0,1
"909","pphC",0,0,1
"910","yfjR",0,0,1
"911","yddK",0,0,1
"912","ygeI",0,0,1
"913","ygeQ",0,0,1
"914","yqeA",0,0,1
"915","ygfX",0,0,1
"916","yqfB",0,0,1
"917","xisR",0,0,1
"918","ygfI",0,0,1
"919","yggC",0,0,1
"920","yggU",0,0,1
"921","yggR",0,0,1
"922","ypfH",0,0,1
"923","yraK",0,0,1
"924","yhbQ",0,0,1
"925","insB2",0,0,1
"926","yghO",0,0,1
"927","yghQ",0,0,1
"928","zapE",0,0,1
"929","insB6",0,0,1
"930","yhhN",0,0,1
"931","yibG",0,0,1
"932","aspT",0,0,1
"933","rhoL",0,0,1
"934","yiiG",0,0,1
"935","yjbM",0,0,1
"936","yjbL",0,0,1
"937","ghoS",0,0,1
"938","yjfM",0,0,1
"939","ytfI",0,0,1
"940","yjgZ",0,0,1
"941","yjhU",0,0,1
"942","yjiH",0,0,1
"943","yjiK",0,0,1
"944","yphE",0,0,1
"945","ygfT",0,0,1
"946","yphD",0,0,1
"947","yagJ",0,0,1
"948","mdtQ",0,0,1
"949","ylcG",0,0,1
"950","ybfQ",0,0,1
"951","insA4",0,0,1
"952","ynfO",0,0,1
"953","yniD",0,0,1
"954","yoeF",0,0,1
"955","ypjJ",0,0,1
"956","ysaB",0,0,1
"957","yghX",0,0,1
"958","ygcU",0,0,1
"959","ypjK",0,0,1
"960","glvB",0,0,1
"961","insA9",0,0,1
"962","insB7",0,0,1
"963","lomR",0,0,1
"964","ykfM",0,0,1
"965","ylcI",0,0,1
"966","yciY",0,0,1
"967","ylcH",0,0,1
"968","ymgI",0,0,1
"969","ymgJ",0,0,1
"970","ytcA",0,0,1
"971","pawZ",0,0,1
"972","yrdE",0,0,1
"973","yibS",0,0,1
"974","argL",0,0,1
"975","baxL",0,0,1
"976","ynbG",0,0,1
"977","ymiB",0,0,1
"978","yshB",0,0,1
"979","aaaE",0,0,1
"980","aspU",0,0,1
"981","yafS",0,0,1
"982","ykfJ",0,0,1
"983","insQ",0,0,1
"984","insA3",0,0,1
"985","yagM",0,0,1
"986","yahL",0,0,1
"987","yaiL",0,0,1
"988","renD",0,0,1
"989","yfjU",0,0,1
"990","ybcY",0,0,1
"991","insL2",0,0,1
"992","ybfP",0,0,1
"993","pxpB",0,0,1
"994","yagN",0,0,1
"995","yafZ",0,0,1
"996","yahG",0,0,1
"997","yqgD",0,0,1
"998","ybjT",0,0,1
"999","ybjD",0,0,1
"1000","yceQ",0,0,1
"1001","ydiR",0,0,1
"1002","jayE",0,0,1
"1003","ymgG",0,0,1
"1004","insA5",0,0,1
"1005","yagL",0,0,1
"1006","yciQ",0,0,1
"1007","yfgO",0,0,1
"1008","ydaF",0,0,1
"1009","ynbE",0,0,1
"1010","mnaT",0,0,1
"1011","yncH",0,0,1
"1012","ydeS",0,0,1
"1013","ydeR",0,0,1
"1014","yneL",0,0,1
"1015","yfjH",0,0,1
"1016","ybfO",0,0,1
"1017","insH2",0,0,1
"1018","yneG",0,0,1
"1019","ydiS",0,0,1
"1020","ydiT",0,0,1
"1021","ynjA",0,0,1
"1022","ydjH",0,0,1
"1023","ydjI",0,0,1
"1024","ydjL",0,0,1
"1025","yeaX",0,0,1
"1026","yecJ",0,0,1
"1027","ygcQ",0,0,1
"1028","intG",0,0,1
"1029","yeeT",0,0,1
"1030","yeeS",0,0,1
"1031","yeeW",0,0,1
"1032","yegU",0,0,1
"1033","yehI",0,0,1
"1034","yejL",0,0,1
"1035","yfbM",0,0,1
"1036","yfbP",0,0,1
"1037","rpnB",0,0,1
"1038","yfdF",0,0,1
"1039","yfeO",0,0,1
"1040","insL3",0,0,1
"1041","ypeA",0,0,1
"1042","yffQ",0,0,1
"1043","yffN",0,0,1
"1044","yffR",0,0,1
"1045","yphG",0,0,1
"1046","yphH",0,0,1
"1047","tapT",0,0,1
"1048","yfjM",0,0,1
"1049","yfjJ",0,0,1
"1050","yfjX",0,0,1
"1051","yfjQ",0,0,1
"1052","ygbL",0,0,1
"1053","yahF",0,0,1
"1054","ynaA",0,0,1
"1055","yfjV",0,0,1
"1056","ygjJ",0,0,1
"1057","ygjP",0,0,1
"1058","yraN",0,0,1
"1059","yraR",0,0,1
"1060","yhdU",0,0,1
"1061","yhcG",0,0,1
"1062","yheU",0,0,1
"1063","yhfT",0,0,1
"1064","yhfX",0,0,1
"1065","yhfW",0,0,1
"1066","exoD",0,0,1
"1067","insA6",0,0,1
"1068","yhiS",0,0,1
"1069","fabY",0,0,1
"1070","yzcX",0,0,1
"1071","yjeN",0,0,1
"1072","yjfK",0,0,1
"1073","ytfA",0,0,1
"1074","ydfV",0,0,1
"1075","insA7",0,0,1
"1076","arpB",0,0,1
"1077","yafT",0,0,1
"1078","fryB",0,0,1
"1079","yfdL",0,0,1
"1080","yafF",0,0,1
"1081","yobH",0,0,1
"1082","ypaA",0,0,1
"1083","yheV",0,0,1
"1084","yrhC",0,0,1
"1085","insM",0,0,1
"1086","iroK",0,0,1
"1087","ygeN",0,0,1
"1088","yabR",0,0,1
"1089","yacM",0,0,1
"1090","yadW",0,0,1
"1091","insB9",0,0,1
"1092","ykgV",0,0,1
"1093","yahV",0,0,1
"1094","ykiC",0,0,1
"1095","ykiD",0,0,1
"1096","ylcJ",0,0,1
"1097","yldA",0,0,1
"1098","ybgU",0,0,1
"1099","ymcF",0,0,1
"1100","ymdG",0,0,1
"1101","ymgK",0,0,1
"1102","ymgL",0,0,1
"1103","ymgM",0,0,1
"1104","insH21",0,0,1
"1105","ynaL",0,0,1
"1106","ynaM",0,0,1
"1107","yncO",0,0,1
"1108","yddY",0,0,1
"1109","yneP",0,0,1
"1110","ynfT",0,0,1
"1111","ynfR",0,0,1
"1112","ynfQ",0,0,1
"1113","ynfS",0,0,1
"1114","yoaL",0,0,1
"1115","yecU",0,0,1
"1116","yqfH",0,0,1
"1117","yqfI",0,0,1
"1118","yqhI",0,0,1
"1119","yqiD",0,0,1
"1120","ysdD",0,0,1
"1121","ytiA",0,0,1
"1122","yncK",0,0,1
"1123","ynfP",0,0,1
"1124","yaiX",0,0,1
"1125","ypaB",0,0,1
"1126","yojO",0,0,1
"1127","ygdT",0,0,1
"1128","yrhD",0,0,1
"1129","yibV",0,0,1
"1130","yjbS",0,0,1
"1131","ykfN",0,0,1
"1132","ykfL",0,0,1
"1133","ykfK",0,0,1
"1134","ykgP",0,0,1
"1135","ykgQ",0,0,1
"1136","ylbI",0,0,1
"1137","xisD",0,0,1
"1138","aaaD",0,0,1
"1139","yeeH",0,0,1
"1140","yoeG",0,0,1
"1141","yoeH",0,0,1
"1142","yoeD",0,0,1
"1143","ypjI",0,0,1
"1144","psaA",0,0,1
"1145","ysaC",0,0,1
"1146","ysaD",0,0,1
"1147","yibW",0,0,1
"1148","yibU",0,0,1
"1149","yicT",0,0,1
"1150","yjdQ",0,0,1
"1151","yjhZ",0,0,1
"1152","yadX",0,0,1
"1153","ytiB",0,0,1
"1154","ybgV",0,0,1
"1155","ybiE",0,0,1
"1156","yljB",0,0,1
"1157","ychT",0,0,1
"1158","ymiD",0,0,1
"1159","ynaN",0,0,1
"1160","yncP",0,0,1
"1161","mgtT",0,0,1
"1162","ynfU",0,0,1
"1163","yecV",0,0,1
"1164","yoaM",0,0,1
"1165","yodE",0,0,1
"1166","evgL",0,0,1
"1167","pssL",0,0,1
"1168","yfiS",0,0,1
"1169","yqgG",0,0,1
"1170","yqgH",0,0,1
"1171","yqhJ",0,0,1
"1172","yqiM",0,0,1
"1173","yhgO",0,0,1
"1174","yhgP",0,0,1
"1175","yhiY",0,0,1
"1176","yriA",0,0,1
"1177","yriB",0,0,1
"1178","ysaE",0,0,1
"1179","yibX",0,0,1
"1180","yibY",0,0,1
"1181","yicU",0,0,1
"1182","ysdE",0,0,1
"1183","ysgD",0,0,1
"1184","ytgA",0,0,1
"1185","ykiE",0,0,1
"1186","ythB",0,0,1
"1187","ykgS",0,0,1
"1188","oweE",0,0,1
"1189","yahM",0,0,1
"1190","yahH",0,0,1
"1191","insF2",0,0,1
"1192","yabP",0,0,1
"1193","yqgC",0,0,1
"1194","ypjB",0,0,1
"1195","peaD",0,0,1
"1196","ybjH",0,0,1
"1197","insE4",0,0,1
"1198","insF4",0,0,1
"1199","ymdE",0,0,1
"1200","ymfH",0,0,1
"1201","insE3",0,0,1
"1202","ychS",0,0,1
"1203","insD2",0,0,1
"1204","insI2",0,0,1
"1205","ydjJ",0,0,1
"1206","insD3",0,0,1
"1207","insE5",0,0,1
"1208","insF5",0,0,1
"1209","yegV",0,0,1
"1210","yqfE",0,0,1
"1211","ylbG",0,0,1
"1212","insE2",0,0,1
"1213","yphC",0,0,1
"1214","yegJ",0,0,1
"1215","pinH",0,0,1
"1216","insD4",0,0,1
"1217","yagP",0,0,1
"1218","yrhA",0,0,1
"1219","insF3",0,0,1
"1220","insD6",0,0,1
"1221","insI3",0,0,1
"1222","yjhV",0,0,1
"1223","ygfS",0,0,1
"1224","phnE",0,0,1
"1225","rpnD",0,0,1
"1226","3'ETS-leuZ",0,0,1
"1227","sroE",0,0,1
"1228","yrdF",0,0,1
"1229","ygeK",0,0,1
"1230","ygeP",0,0,1
"1231","ftsO",0,0,1
"1232","ykfO",0,0,1
"1233","allZ",0,0,1
"1234","sokE",0,0,1
"1235","zbiJ",0,0,1
"1236","bhsB",0,0,1
"1237","ymgN",0,0,1
"1238","kilS",0,0,1
"1239","ynhH",0,0,1
"1240","yoeJ",0,0,1
"1241","ypeD",0,0,1
"1242","timR",0,0,1
"1243","timP",0,0,1
"1244","yrfJ",0,0,1
"1245","xylZ",0,0,1
"1246","uhpU",0,0,1
"1247","rbsZ",0,0,1
"1248","aceK-int",0,0,1
"1249","ytcB",0,0,1
"1250","aspX",0,0,1
"1251","ytgB",0,0,1
"1252","ytiE",0,0,1
"1253","ytjE",0,0,1
"1254","aaeA",0,0,1
"1255","aaeB",0,0,1
"1256","aaeX",0,0,1
"1257","acrA",0,0,1
"1258","acrB",0,0,1
"1259","mdtU",0,0,1
"1260","alkA",0,0,1
"1261","alkB",0,0,1
"1262","gltF",0,0,1
"1263","agaB",0,0,1
"1264","agaC",0,0,1
"1265","agaD",0,0,1
"1266","agaI",0,0,1
"1267","agaS",0,0,1
"1268","agaW",0,0,1
"1269","kbaY",0,0,1
"1270","kbaZ",0,0,1
"1271","dinQ",0,0,1
"1272","glxK",0,0,1
"1273","glxR",0,0,1
"1274","hyi",0,0,1
"1275","ybbW",0,0,1
"1276","ybbY",0,0,1
"1277","allC",0,0,1
"1278","allD",0,0,1
"1279","allE",0,0,1
"1280","intA",0,0,1
"1281","alsA",0,0,1
"1282","alsB",0,0,1
"1283","alsC",0,0,1
"1284","alsE",0,0,1
"1285","araD",0,0,1
"1286","araE",0,0,1
"1287","araJ",0,0,1
"1288","yjfF",0,0,1
"1289","ytfT",0,0,1
"1290","aceF",0,0,1
"1291","betT",0,0,1
"1292","cadB",0,0,1
"1293","caiB",0,0,1
"1294","caiC",0,0,1
"1295","caiE",0,0,1
"1296","citC",0,0,1
"1297","citD",0,0,1
"1298","citE",0,0,1
"1299","citF",0,0,1
"1300","citG",0,0,1
"1301","citX",0,0,1
"1302","dpiB",0,0,1
"1303","fadI",0,0,1
"1304","fadJ",0,0,1
"1305","focA",0,0,1
"1306","gatY",0,0,1
"1307","glaH",0,0,1
"1308","glpE",0,0,1
"1309","hemA",0,0,1
"1310","igaA",0,0,1
"1311","iraM",0,0,1
"1312","lpd",0,0,1
"1313","manA",0,0,1
"1314","mdh",0,0,1
"1315","moeB",0,0,1
"1316","nudE",0,0,1
"1317","pldA",0,0,1
"1318","pqqU",0,0,1
"1319","prmC",0,0,1
"1320","puuB",0,0,1
"1321","puuC",0,0,1
"1322","puuD",0,0,1
"1323","puuE",0,0,1
"1324","puuP",0,0,1
"1325","pyrS",0,0,1
"1326","rhaT",0,0,1
"1327","rutA",0,0,1
"1328","rutB",0,0,1
"1329","rutC",0,0,1
"1330","rutF",0,0,1
"1331","rutG",0,0,1
"1332","ubiC",0,0,1
"1333","xthA",0,0,1
"1334","ybdN",0,0,1
"1335","ybiU",0,0,1
"1336","ydeA",0,0,1
"1337","yfiF",0,0,1
"1338","yjiR",0,0,1
"1339","ymjE",0,0,1
"1340","mutS",0,0,1
"1341","argO",0,0,1
"1342","dapD",0,0,1
"1343","argB",0,0,1
"1344","argC",0,0,1
"1345","argE",0,0,1
"1346","argF",0,0,1
"1347","eutS",0,0,1
"1348","hchA",0,0,1
"1349","lysO",0,0,1
"1350","metY",0,0,1
"1351","rimP",0,0,1
"1352","yaaU",0,0,1
"1353","ydgI",0,0,1
"1354","yfcC",0,0,1
"1355","yhcC",0,0,1
"1356","arsB",0,0,1
"1357","arsC",0,0,1
"1358","ascB",0,0,1
"1359","mnmG",0,0,1
"1360","atoB",0,0,1
"1361","atoE",0,0,1
"1362","baeS",0,0,1
"1363","mdtA",0,0,1
"1364","mdtB",0,0,1
"1365","mdtD",0,0,1
"1366","arnA",0,0,1
"1367","arnC",0,0,1
"1368","arnD",0,0,1
"1369","arnE",0,0,1
"1370","arnF",0,0,1
"1371","arnT",0,0,1
"1372","eptA",0,0,1
"1373","qseC",0,0,1
"1374","bglF",0,0,1
"1375","yecT",0,0,1
"1376","yehF",0,0,1
"1377","ygiZ",0,0,1
"1378","yidL",0,0,1
"1379","ynbA",0,0,1
"1380","ynbB",0,0,1
"1381","ynbC",0,0,1
"1382","ynbD",0,0,1
"1383","ynjI",0,0,1
"1384","ariR",0,0,1
"1385","ymgC",0,0,1
"1386","ampC",0,0,1
"1387","fimH",0,0,1
"1388","csgB",0,0,1
"1389","cspC",0,0,1
"1390","yobF",0,0,1
"1391","fixA",0,0,1
"1392","fixB",0,0,1
"1393","fixC",0,0,1
"1394","fixX",0,0,1
"1395","tauD",0,0,1
"1396","gudX",0,0,1
"1397","rnpB",0,0,1
"1398","ybhR",0,0,1
"1399","ybhS",0,0,1
"1400","chbA",0,0,1
"1401","chbB",0,0,1
"1402","chbC",0,0,1
"1403","chbF",0,0,1
"1404","chbG",0,0,1
"1405","chiZ",0,0,1
"1406","ybdM",0,0,1
"1407","skp",0,0,1
"1408","ampH",0,0,1
"1409","bacA",0,0,1
"1410","bamE",0,0,1
"1411","casA",0,0,1
"1412","dgt",0,0,1
"1413","eamA",0,0,1
"1414","epmB",0,0,1
"1415","ettA",0,0,1
"1416","fabZ",0,0,1
"1417","frc",0,0,1
"1418","gstA",0,0,1
"1419","ldtD",0,0,1
"1420","metC",0,0,1
"1421","motR",0,0,1
"1422","mscM",0,0,1
"1423","mzrA",0,0,1
"1424","pdeB",0,0,1
"1425","plsB",0,0,1
"1426","ppiD",0,0,1
"1427","qmcA",0,0,1
"1428","rseD",0,0,1
"1429","shoB",0,0,1
"1430","srkA",0,0,1
"1431","yacH",0,0,1
"1432","yddG",0,0,1
"1433","ydeE",0,0,1
"1434","yhdJ",0,0,1
"1435","cysG",0,0,1
"1436","epd",0,0,1
"1437","fruK",0,0,1
"1438","gapA",0,0,1
"1439","hypF",0,0,1
"1440","mpl",0,0,1
"1441","mtlR",0,0,1
"1442","nirC",0,0,1
"1443","pfkA",0,0,1
"1444","ppc",0,0,1
"1445","sgrT",0,0,1
"1446","cbrA",0,0,1
"1447","cbrB",0,0,1
"1448","creD",0,0,1
"1449","nudF",0,0,1
"1450","abgR",0,0,1
"1451","actP",0,0,1
"1452","ampE",0,0,1
"1453","arfB",0,0,1
"1454","azuC",0,0,1
"1455","bidA",0,0,1
"1456","cas1",0,0,1
"1457","cas2",0,0,1
"1458","cas3",0,0,1
"1459","casB",0,0,1
"1460","casC",0,0,1
"1461","casD",0,0,1
"1462","casE",0,0,1
"1463","cpdB",0,0,1
"1464","csrC",0,0,1
"1465","cstA",0,0,1
"1466","dgoD",0,0,1
"1467","dgoT",0,0,1
"1468","dsdA",0,0,1
"1469","dusB",0,0,1
"1470","ebgA",0,0,1
"1471","ebgC",0,0,1
"1472","entH",0,0,1
"1473","envZ",0,0,1
"1474","feaB",0,0,1
"1475","fiu",0,0,1
"1476","frlA",0,0,1
"1477","frlB",0,0,1
"1478","frlC",0,0,1
"1479","frlD",0,0,1
"1480","fucA",0,0,1
"1481","fucO",0,0,1
"1482","fucP",0,0,1
"1483","gabD",0,0,1
"1484","gabP",0,0,1
"1485","gabT",0,0,1
"1486","gcd",0,0,1
"1487","hicA",0,0,1
"1488","hlyE",0,0,1
"1489","hofB",0,0,1
"1490","hofC",0,0,1
"1491","hofM",0,0,1
"1492","hofN",0,0,1
"1493","hofO",0,0,1
"1494","hofP",0,0,1
"1495","hyfA",0,0,1
"1496","hyfB",0,0,1
"1497","hyfC",0,0,1
"1498","hyfE",0,0,1
"1499","hyfF",0,0,1
"1500","hyfG",0,0,1
"1501","hyfH",0,0,1
"1502","hyfI",0,0,1
"1503","hyfJ",0,0,1
"1504","lacY",0,0,1
"1505","lacZ",0,0,1
"1506","lgoD",0,0,1
"1507","lgoR",0,0,1
"1508","lhgD",0,0,1
"1509","lsrA",0,0,1
"1510","lsrB",0,0,1
"1511","lsrC",0,0,1
"1512","lsrD",0,0,1
"1513","lsrF",0,0,1
"1514","lsrG",0,0,1
"1515","lsrK",0,0,1
"1516","malX",0,0,1
"1517","malY",0,0,1
"1518","melB",0,0,1
"1519","mhpD",0,0,1
"1520","mhpE",0,0,1
"1521","mhpF",0,0,1
"1522","mokB",0,0,1
"1523","murP",0,0,1
"1524","murQ",0,0,1
"1525","nadC",0,0,1
"1526","nanC",0,0,1
"1527","nanK",0,0,1
"1528","nanM",0,0,1
"1529","nanQ",0,0,1
"1530","nanS",0,0,1
"1531","nfuA",0,0,1
"1532","nlpE",0,0,1
"1533","ortT",0,0,1
"1534","paaA",0,0,1
"1535","paaB",0,0,1
"1536","paaC",0,0,1
"1537","paaD",0,0,1
"1538","paaE",0,0,1
"1539","paaF",0,0,1
"1540","paaG",0,0,1
"1541","paaH",0,0,1
"1542","paaI",0,0,1
"1543","paaJ",0,0,1
"1544","paaK",0,0,1
"1545","paaZ",0,0,1
"1546","patZ",0,0,1
"1547","ppdD",0,0,1
"1548","preA",0,0,1
"1549","preT",0,0,1
"1550","psuG",0,0,1
"1551","psuK",0,0,1
"1552","raiA",0,0,1
"1553","raiZ",0,0,1
"1554","rhaB",0,0,1
"1555","rspA",0,0,1
"1556","rspB",0,0,1
"1557","secB",0,0,1
"1558","sgcA",0,0,1
"1559","sgcB",0,0,1
"1560","sgcC",0,0,1
"1561","sgcE",0,0,1
"1562","sgcQ",0,0,1
"1563","sgcR",0,0,1
"1564","tnaA",0,0,1
"1565","trxA",0,0,1
"1566","uhpT",0,0,1
"1567","ulaA",0,0,1
"1568","ulaB",0,0,1
"1569","ulaF",0,0,1
"1570","umpH",0,0,1
"1571","xylF",0,0,1
"1572","xylG",0,0,1
"1573","xylH",0,0,1
"1574","yaeQ",0,0,1
"1575","yeiP",0,0,1
"1576","yeiW",0,0,1
"1577","ygcW",0,0,1
"1578","ygeW",0,0,1
"1579","yiaL",0,0,1
"1580","yiaM",0,0,1
"1581","yiaN",0,0,1
"1582","yiaO",0,0,1
"1583","yjhG",0,0,1
"1584","yjhH",0,0,1
"1585","yjhI",0,0,1
"1586","ykgR",0,0,1
"1587","zraS",0,0,1
"1588","dgcC",0,0,1
"1589","ubiT",0,0,1
"1590","yihT",0,0,1
"1591","yihU",0,0,1
"1592","yihV",0,0,1
"1593","dgcI",0,0,1
"1594","idlP",0,0,1
"1595","moaA",0,0,1
"1596","moaC",0,0,1
"1597","moaD",0,0,1
"1598","pdeI",0,0,1
"1599","pgaA",0,0,1
"1600","pgaB",0,0,1
"1601","pgaC",0,0,1
"1602","pgaD",0,0,1
"1603","cusA",0,0,1
"1604","cusB",0,0,1
"1605","cusF",0,0,1
"1606","cusS",0,0,1
"1607","luxS",0,0,1
"1608","tcyP",0,0,1
"1609","yfbR",0,0,1
"1610","ygeH",0,0,1
"1611","cyuA",0,0,1
"1612","cyuP",0,0,1
"1613","dicB",0,0,1
"1614","dicC",0,0,1
"1615","insD7",0,0,1
"1616","intQ",0,0,1
"1617","ydfD",0,0,1
"1618","ydfW",0,0,1
"1619","ydfX",0,0,1
"1620","alaV",0,0,1
"1621","argX",0,0,1
"1622","csrB",0,0,1
"1623","dnaG",0,0,1
"1624","fabD",0,0,1
"1625","fabG",0,0,1
"1626","folK",0,0,1
"1627","gluQ",0,0,1
"1628","hisB",0,0,1
"1629","hisD",0,0,1
"1630","hisG",0,0,1
"1631","hisR",0,0,1
"1632","ileV",0,0,1
"1633","isrC",0,0,1
"1634","leuT",0,0,1
"1635","obgE",0,0,1
"1636","proM",0,0,1
"1637","rpmJ",0,0,1
"1638","rpoB",0,0,1
"1639","rpoC",0,0,1
"1640","rpoZ",0,0,1
"1641","rrfA",0,0,1
"1642","rrfB",0,0,1
"1643","rrfC",0,0,1
"1644","rrfD",0,0,1
"1645","rrfE",0,0,1
"1646","rrfF",0,0,1
"1647","rrfG",0,0,1
"1648","rrfH",0,0,1
"1649","rrlA",0,0,1
"1650","rrlB",0,0,1
"1651","rrlC",0,0,1
"1652","rrlD",0,0,1
"1653","rrlE",0,0,1
"1654","rrlG",0,0,1
"1655","rrlH",0,0,1
"1656","rrsA",0,0,1
"1657","rrsB",0,0,1
"1658","rrsC",0,0,1
"1659","rrsD",0,0,1
"1660","rrsE",0,0,1
"1661","rrsG",0,0,1
"1662","rrsH",0,0,1
"1663","secY",0,0,1
"1664","sroA",0,0,1
"1665","thiB",0,0,1
"1666","thiP",0,0,1
"1667","thiQ",0,0,1
"1668","thrB",0,0,1
"1669","tufA",0,0,1
"1670","ytiC",0,0,1
"1671","ytiD",0,0,1
"1672","polA",0,0,1
"1673","uvrB",0,0,1
"1674","yjeV",0,0,1
"1675","emrK",0,0,1
"1676","emrY",0,0,1
"1677","oxc",0,0,1
"1678","safA",0,0,1
"1679","ydeP",0,0,1
"1680","yegR",0,0,1
"1681","yfdV",0,0,1
"1682","yfdX",0,0,1
"1683","fadM",0,0,1
"1684","tynA",0,0,1
"1685","hycA",0,0,1
"1686","hycB",0,0,1
"1687","hycC",0,0,1
"1688","hycD",0,0,1
"1689","hycE",0,0,1
"1690","hycF",0,0,1
"1691","hycG",0,0,1
"1692","hydN",0,0,1
"1693","sfmA",0,0,1
"1694","sfmC",0,0,1
"1695","alaW",0,0,1
"1696","apaH",0,0,1
"1697","argU",0,0,1
"1698","argW",0,0,1
"1699","aspV",0,0,1
"1700","fau",0,0,1
"1701","glnU",0,0,1
"1702","glnV",0,0,1
"1703","glnX",0,0,1
"1704","glyT",0,0,1
"1705","glyU",0,0,1
"1706","gyrB",0,0,1
"1707","leuP",0,0,1
"1708","leuQ",0,0,1
"1709","leuV",0,0,1
"1710","leuX",0,0,1
"1711","lysV",0,0,1
"1712","narS",0,0,1
"1713","nrfF",0,0,1
"1714","nrfG",0,0,1
"1715","pheU",0,0,1
"1716","pheV",0,0,1
"1717","proK",0,0,1
"1718","proL",0,0,1
"1719","rsmA",0,0,1
"1720","serX",0,0,1
"1721","ssrS",0,0,1
"1722","thrT",0,0,1
"1723","thrU",0,0,1
"1724","thrW",0,0,1
"1725","tpr",0,0,1
"1726","tufB",0,0,1
"1727","tyrU",0,0,1
"1728","valT",0,0,1
"1729","valU",0,0,1
"1730","valX",0,0,1
"1731","valY",0,0,1
"1732","yeaR",0,0,1
"1733","yoaG",0,0,1
"1734","ccmA",0,0,1
"1735","ccmB",0,0,1
"1736","ccmE",0,0,1
"1737","clsC",0,0,1
"1738","gltJ",0,0,1
"1739","napB",0,0,1
"1740","napD",0,0,1
"1741","napG",0,0,1
"1742","nfrB",0,0,1
"1743","pdeH",0,0,1
"1744","ppdA",0,0,1
"1745","ppdB",0,0,1
"1746","ppdC",0,0,1
"1747","sroC",0,0,1
"1748","ygdB",0,0,1
"1749","flgO",0,0,1
"1750","fliX",0,0,1
"1751","prs",0,0,1
"1752","rdcA",0,0,1
"1753","rdcB",0,0,1
"1754","ves",0,0,1
"1755","yafW",0,0,1
"1756","yafX",0,0,1
"1757","yecF",0,0,1
"1758","yjcS",0,0,1
"1759","ykfG",0,0,1
"1760","ykfH",0,0,1
"1761","ykfI",0,0,1
"1762","pdeR",0,0,1
"1763","acrE",0,0,1
"1764","acrF",0,0,1
"1765","argK",0,0,1
"1766","bcsB",0,0,1
"1767","bcsZ",0,0,1
"1768","ccp",0,0,1
"1769","feoC",0,0,1
"1770","metV",0,0,1
"1771","nikA",0,0,1
"1772","nikB",0,0,1
"1773","nikC",0,0,1
"1774","nikD",0,0,1
"1775","nikE",0,0,1
"1776","norW",0,0,1
"1777","pdeF",0,0,1
"1778","scpA",0,0,1
"1779","scpB",0,0,1
"1780","scpC",0,0,1
"1781","viaA",0,0,1
"1782","xdhA",0,0,1
"1783","xdhB",0,0,1
"1784","xdhC",0,0,1
"1785","ychO",0,0,1
"1786","ydfO",0,0,1
"1787","ydfZ",0,0,1
"1788","ydhT",0,0,1
"1789","ydhU",0,0,1
"1790","ydhX",0,0,1
"1791","yffS",0,0,1
"1792","ysgA",0,0,1
"1793","maeA",0,0,1
"1794","yobA",0,0,1
"1795","entS",0,0,1
"1796","esrE",0,0,1
"1797","ftnA",0,0,1
"1798","gspC",0,0,1
"1799","gspD",0,0,1
"1800","gspE",0,0,1
"1801","gspG",0,0,1
"1802","gspH",0,0,1
"1803","gspI",0,0,1
"1804","gspJ",0,0,1
"1805","gspK",0,0,1
"1806","gspL",0,0,1
"1807","gspM",0,0,1
"1808","gspO",0,0,1
"1809","mntP",0,0,1
"1810","nfeF",0,0,1
"1811","nohA",0,0,1
"1812","rcnA",0,0,1
"1813","rcnB",0,0,1
"1814","stfQ",0,0,1
"1815","tfaQ",0,0,1
"1816","yhhY",0,0,1
"1817","zinT",0,0,1
"1818","adiC",0,0,1
"1819","aslB",0,0,1
"1820","yjbR",0,0,1
"1821","dtpA",0,0,1
"1822","murI",0,0,1
"1823","ilvD",0,0,1
"1824","bdcR",0,0,1
"1825","dgcN",0,0,1
"1826","elfC",0,0,1
"1827","hinT",0,0,1
"1828","htrE",0,0,1
"1829","hxpA",0,0,1
"1830","kdgT",0,0,1
"1831","murD",0,0,1
"1832","orn",0,0,1
"1833","pdeG",0,0,1
"1834","pliG",0,0,1
"1835","ppiB",0,0,1
"1836","rhsD",0,0,1
"1837","rsgA",0,0,1
"1838","rssB",0,0,1
"1839","ttdA",0,0,1
"1840","yadN",0,0,1
"1841","ycbU",0,0,1
"1842","ycbV",0,0,1
"1843","yccU",0,0,1
"1844","ycgV",0,0,1
"1845","ycgY",0,0,1
"1846","ychQ",0,0,1
"1847","ycjP",0,0,1
"1848","ydfI",0,0,1
"1849","ydhS",0,0,1
"1850","yeaE",0,0,1
"1851","yehD",0,0,1
"1852","yehE",0,0,1
"1853","yfbN",0,0,1
"1854","yfbO",0,0,1
"1855","yfcV",0,0,1
"1856","yfdC",0,0,1
"1857","yfiL",0,0,1
"1858","ygjI",0,0,1
"1859","yhcD",0,0,1
"1860","yigG",0,0,1
"1861","yihM",0,0,1
"1862","yodB",0,0,1
"1863","ypjA",0,0,1
"1864","ddpC",0,0,1
"1865","glnP",0,0,1
"1866","yhdX",0,0,1
"1867","glmY",0,0,1
"1868","hcaC",0,0,1
"1869","hcaF",0,0,1
"1870","maoP",0,0,1
"1871","eutA",0,0,1
"1872","eutH",0,0,1
"1873","adeD",0,0,1
"1874","bluF",0,0,1
"1875","cdgI",0,0,1
"1876","chiA",0,0,1
"1877","cmoM",0,0,1
"1878","ddlA",0,0,1
"1879","dgcJ",0,0,1
"1880","dosC",0,0,1
"1881","fimD",0,0,1
"1882","fimE",0,0,1
"1883","fimG",0,0,1
"1884","glvC",0,0,1
"1885","gspA",0,0,1
"1886","gspB",0,0,1
"1887","mukB",0,0,1
"1888","mukF",0,0,1
"1889","nhaA",0,0,1
"1890","pagP",0,0,1
"1891","rflP",0,0,1
"1892","ydcC",0,0,1
"1893","pgm",0,0,1
"1894","dcuD",0,0,1
"1895","hemF",0,0,1
"1896","ilvA",0,0,1
"1897","ilvX",0,0,1
"1898","pspH",0,0,1
"1899","rtcA",0,0,1
"1900","ulaG",0,0,1
"1901","uspB",0,0,1
"1902","yadV",0,0,1
"1903","yjbE",0,0,1
"1904","yjbF",0,0,1
"1905","yjbG",0,0,1
"1906","yjbH",0,0,1
"1907","erpA",0,0,1
"1908","rnlA",0,0,1
"1909","rnlB",0,0,1
"1910","selO",0,0,1
"1911","tisB",0,0,1
"1912","kdpB",0,0,1
"1913","kdpC",0,0,1
"1914","kdpF",0,0,1
"1915","ybeQ",0,0,1
"1916","yghR",0,0,1
"1917","yghS",0,0,1
"1918","cho",0,0,1
"1919","ddlB",0,0,1
"1920","dinB",0,0,1
"1921","dinD",0,0,1
"1922","dinF",0,0,1
"1923","dinG",0,0,1
"1924","ftsK",0,0,1
"1925","ftsW",0,0,1
"1926","hokE",0,0,1
"1927","insK",0,0,1
"1928","mraY",0,0,1
"1929","murC",0,0,1
"1930","phr",0,0,1
"1931","polB",0,0,1
"1932","ptrA",0,0,1
"1933","recD",0,0,1
"1934","ruvB",0,0,1
"1935","symE",0,0,1
"1936","umuC",0,0,1
"1937","uvrC",0,0,1
"1938","uvrD",0,0,1
"1939","yafN",0,0,1
"1940","yafO",0,0,1
"1941","yafP",0,0,1
"1942","ydjM",0,0,1
"1943","yoaA",0,0,1
"1944","acrZ",0,0,1
"1945","alaA",0,0,1
"1946","amiC",0,0,1
"1947","btuE",0,0,1
"1948","cpoB",0,0,1
"1949","dgcM",0,0,1
"1950","dgcQ",0,0,1
"1951","dtpB",0,0,1
"1952","hpf",0,0,1
"1953","insC5",0,0,1
"1954","intZ",0,0,1
"1955","leuE",0,0,1
"1956","livF",0,0,1
"1957","livH",0,0,1
"1958","livM",0,0,1
"1959","lolA",0,0,1
"1960","lolC",0,0,1
"1961","lpxL",0,0,1
"1962","mnmA",0,0,1
"1963","mscK",0,0,1
"1964","mscS",0,0,1
"1965","panZ",0,0,1
"1966","ppk",0,0,1
"1967","prlF",0,0,1
"1968","radD",0,0,1
"1969","rhtB",0,0,1
"1970","ridA",0,0,1
"1971","rlmE",0,0,1
"1972","rnr",0,0,1
"1973","rpiA",0,0,1
"1974","sad",0,0,1
"1975","serS",0,0,1
"1976","slyX",0,0,1
"1977","sroH",0,0,1
"1978","trhO",0,0,1
"1979","yabQ",0,0,1
"1980","ybdF",0,0,1
"1981","ybgA",0,0,1
"1982","ycaM",0,0,1
"1983","yciZ",0,0,1
"1984","ydgH",0,0,1
"1985","yebF",0,0,1
"1986","yehL",0,0,1
"1987","yfaP",0,0,1
"1988","yfiB",0,0,1
"1989","yhdV",0,0,1
"1990","yhjJ",0,0,1
"1991","yjfP",0,0,1
"1992","yjiC",0,0,1
"1993","yjiL",0,0,1
"1994","yqeG",0,0,1
"1995","ytjB",0,0,1
"1996","yzgL",0,0,1
"1997","zitB",0,0,1
"1998","mlaB",0,0,1
"1999","mlaC",0,0,1
"2000","mlaD",0,0,1
"2001","mlaE",0,0,1
"2002","mlaF",0,0,1
"2003","nfsB",0,0,1
"2004","pqiB",0,0,1
"2005","pqiC",0,0,1
"2006","rimK",0,0,1
"2007","tolC",0,0,1
"2008","waaY",0,0,1
"2009","waaZ",0,0,1
"2010","ecpA",0,0,1
"2011","lpxT",0,0,1
"2012","yfeK",0,0,1
"2013","phoE",0,0,1
"2014","ibaG",0,0,1
"2015","mngA",0,0,1
"2016","mngB",0,0,1
"2017","mntS",0,0,1
"2018","rybA",0,0,1
"2019","mqsR",0,0,1
"2020","rsmH",0,0,1
"2021","abpA",0,0,1
"2022","alaC",0,0,1
"2023","amiB",0,0,1
"2024","asnT",0,0,1
"2025","asnV",0,0,1
"2026","bglH",0,0,1
"2027","bglX",0,0,1
"2028","bisC",0,0,1
"2029","cbrC",0,0,1
"2030","cmtB",0,0,1
"2031","curA",0,0,1
"2032","dcm",0,0,1
"2033","dcp",0,0,1
"2034","dpaA",0,0,1
"2035","ecnA",0,0,1
"2036","elfA",0,0,1
"2037","elfG",0,0,1
"2038","fumD",0,0,1
"2039","gmk",0,0,1
"2040","hemH",0,0,1
"2041","hemN",0,0,1
"2042","hxpB",0,0,1
"2043","iaaA",0,0,1
"2044","ileY",0,0,1
"2045","intD",0,0,1
"2046","ispB",0,0,1
"2047","kduI",0,0,1
"2048","lapC",0,0,1
"2049","leuU",0,0,1
"2050","ligB",0,0,1
"2051","lpxH",0,0,1
"2052","macA",0,0,1
"2053","mgtS",0,0,1
"2054","mtfA",0,0,1
"2055","nudC",0,0,1
"2056","nudG",0,0,1
"2057","ompN",0,0,1
"2058","pabC",0,0,1
"2059","pdxK",0,0,1
"2060","pinR",0,0,1
"2061","pitB",0,0,1
"2062","pphB",0,0,1
"2063","ppnN",0,0,1
"2064","prmB",0,0,1
"2065","queD",0,0,1
"2066","queF",0,0,1
"2067","rfaH",0,0,1
"2068","rhtA",0,0,1
"2069","rlmF",0,0,1
"2070","rlmM",0,0,1
"2071","rluE",0,0,1
"2072","rsmF",0,0,1
"2073","secG",0,0,1
"2074","selC",0,0,1
"2075","sibA",0,0,1
"2076","sibE",0,0,1
"2077","stfR",0,0,1
"2078","tfaR",0,0,1
"2079","tff",0,0,1
"2080","torI",0,0,1
"2081","ubiU",0,0,1
"2082","uspC",0,0,1
"2083","waaF",0,0,1
"2084","wcaE",0,0,1
"2085","wecH",0,0,1
"2086","wza",0,0,1
"2087","wzb",0,0,1
"2088","wzc",0,0,1
"2089","yadM",0,0,1
"2090","yafV",0,0,1
"2091","yaiS",0,0,1
"2092","ybcK",0,0,1
"2093","ybcV",0,0,1
"2094","ybdR",0,0,1
"2095","ybeR",0,0,1
"2096","ybeT",0,0,1
"2097","ybeU",0,0,1
"2098","ybfC",0,0,1
"2099","ybgE",0,0,1
"2100","ybhD",0,0,1
"2101","ybhH",0,0,1
"2102","ybhI",0,0,1
"2103","ybhM",0,0,1
"2104","ycaK",0,0,1
"2105","yccM",0,0,1
"2106","ycgX",0,0,1
"2107","ydaT",0,0,1
"2108","ydaU",0,0,1
"2109","ydcU",0,0,1
"2110","ydeQ",0,0,1
"2111","ydfR",0,0,1
"2112","ydiB",0,0,1
"2113","ydiL",0,0,1
"2114","ydiM",0,0,1
"2115","yebQ",0,0,1
"2116","yedL",0,0,1
"2117","yegH",0,0,1
"2118","yegL",0,0,1
"2119","yeiH",0,0,1
"2120","yejB",0,0,1
"2121","yfbK",0,0,1
"2122","yfbL",0,0,1
"2123","yfcP",0,0,1
"2124","yfgH",0,0,1
"2125","yfjI",0,0,1
"2126","ygaV",0,0,1
"2127","ygcE",0,0,1
"2128","ygcO",0,0,1
"2129","ygcP",0,0,1
"2130","ygcS",0,0,1
"2131","ygeG",0,0,1
"2132","yggP",0,0,1
"2133","yghT",0,0,1
"2134","ygiF",0,0,1
"2135","ygiL",0,0,1
"2136","yhaB",0,0,1
"2137","yhaI",0,0,1
"2138","yhbX",0,0,1
"2139","yhcA",0,0,1
"2140","yhfL",0,0,1
"2141","yhhZ",0,0,1
"2142","yicJ",0,0,1
"2143","yifB",0,0,1
"2144","yihO",0,0,1
"2145","yiiE",0,0,1
"2146","yijO",0,0,1
"2147","yjbB",0,0,1
"2148","yjcF",0,0,1
"2149","yjcO",0,0,1
"2150","yjfZ",0,0,1
"2151","yjgN",0,0,1
"2152","ykgH",0,0,1
"2153","ykgL",0,0,1
"2154","ymjA",0,0,1
"2155","ynaK",0,0,1
"2156","yneK",0,0,1
"2157","ynfA",0,0,1
"2158","ynjF",0,0,1
"2159","yobB",0,0,1
"2160","yohO",0,0,1
"2161","yqeH",0,0,1
"2162","yqeJ",0,0,1
"2163","yqeK",0,0,1
"2164","yraH",0,0,1
"2165","yrhB",0,0,1
"2166","creC",0,0,1
"2167","nanX",0,0,1
"2168","nanY",0,0,1
"2169","torC",0,0,1
"2170","nimT",0,0,1
"2171","dkgB",0,0,1
"2172","grxD",0,0,1
"2173","mepH",0,0,1
"2174","mhpT",0,0,1
"2175","rffC",0,0,1
"2176","rffH",0,0,1
"2177","rffM",0,0,1
"2178","tsgA",0,0,1
"2179","wecE",0,0,1
"2180","wecF",0,0,1
"2181","wzxE",0,0,1
"2182","wzyE",0,0,1
"2183","ydbD",0,0,1
"2184","alx",0,0,1
"2185","exoX",0,0,1
"2186","narU",0,0,1
"2187","narV",0,0,1
"2188","narW",0,0,1
"2189","narZ",0,0,1
"2190","potE",0,0,1
"2191","queE",0,0,1
"2192","speF",0,0,1
"2193","speFL",0,0,1
"2194","uof",0,0,1
"2195","znuC",0,0,1
"2196","paaY",0,0,1
"2197","ppsR",0,0,1
"2198","mpaA",0,0,1
"2199","mppA",0,0,1
"2200","ycjG",0,0,1
"2201","ymjC",0,0,1
"2202","ymjD",0,0,1
"2203","phnC",0,0,1
"2204","phnD",0,0,1
"2205","phnF",0,0,1
"2206","phnG",0,0,1
"2207","phnH",0,0,1
"2208","phnI",0,0,1
"2209","phnJ",0,0,1
"2210","phnK",0,0,1
"2211","phnL",0,0,1
"2212","phnM",0,0,1
"2213","phnN",0,0,1
"2214","phnO",0,0,1
"2215","phnP",0,0,1
"2216","rcdB",0,0,1
"2217","sbcC",0,0,1
"2218","glgB",0,0,1
"2219","mgtL",0,0,1
"2220","rstB",0,0,1
"2221","ryjB",0,0,1
"2222","ygjV",0,0,1
"2223","punC",0,0,1
"2224","glnB",0,0,1
"2225","hflD",0,0,1
"2226","yhjX",0,0,1
"2227","ydaS",0,0,1
"2228","ydaV",0,0,1
"2229","ydaW",0,0,1
"2230","ralR",0,0,1
"2231","dcd",0,0,1
"2232","yagK",0,0,1
"2233","rclA",0,0,1
"2234","rclC",0,0,1
"2235","wcaA",0,0,1
"2236","wcaB",0,0,1
"2237","bdm",0,0,1
"2238","rarA",0,0,1
"2239","mltF",0,0,1
"2240","yhbO",0,0,1
"2241","3'ETS<i>leuZ</i>",0,0,1
"2242","acpS",0,0,1
"2243","amyA",0,0,1
"2244","arfA",0,0,1
"2245","argV",0,0,1
"2246","argY",0,0,1
"2247","asnU",0,0,1
"2248","bamC",0,0,1
"2249","bcsF",0,0,1
"2250","bcsG",0,0,1
"2251","btuD",0,0,1
"2252","btuF",0,0,1
"2253","cedA",0,0,1
"2254","chpB",0,0,1
"2255","cutA",0,0,1
"2256","cysT",0,0,1
"2257","dam",0,0,1
"2258","damX",0,0,1
"2259","dapA",0,0,1
"2260","dapF",0,0,1
"2261","degS",0,0,1
"2262","dut",0,0,1
"2263","dxs",0,0,1
"2264","fmt",0,0,1
"2265","frsA",0,0,1
"2266","ftsH",0,0,1
"2267","gfcA",0,0,1
"2268","glrK",0,0,1
"2269","glyV",0,0,1
"2270","glyW",0,0,1
"2271","glyX",0,0,1
"2272","glyY",0,0,1
"2273","gnsA",0,0,1
"2274","gph",0,0,1
"2275","grxC",0,0,1
"2276","ibsC",0,0,1
"2277","ibsD",0,0,1
"2278","ileX",0,0,1
"2279","intS",0,0,1
"2280","kdsC",0,0,1
"2281","kdsD",0,0,1
"2282","lapA",0,0,1
"2283","lapB",0,0,1
"2284","leuZ",0,0,1
"2285","lhr",0,0,1
"2286","loiP",0,0,1
"2287","lptA",0,0,1
"2288","lptB",0,0,1
"2289","lptC",0,0,1
"2290","lptD",0,0,1
"2291","metW",0,0,1
"2292","metZ",0,0,1
"2293","mfd",0,0,1
"2294","nei",0,0,1
"2295","nnr",0,0,1
"2296","npr",0,0,1
"2297","nudB",0,0,1
"2298","opgG",0,0,1
"2299","opgH",0,0,1
"2300","pabA",0,0,1
"2301","panB",0,0,1
"2302","panC",0,0,1
"2303","pgpB",0,0,1
"2304","pheL",0,0,1
"2305","pntB",0,0,1
"2306","pth",0,0,1
"2307","rapA",0,0,1
"2308","rapZ",0,0,1
"2309","rdlD",0,0,1
"2310","ribD",0,0,1
"2311","rirA",0,0,1
"2312","rnc",0,0,1
"2313","rnd",0,0,1
"2314","rpe",0,0,1
"2315","rraA",0,0,1
"2316","rraB",0,0,1
"2317","rsmG",0,0,1
"2318","ruvC",0,0,1
"2319","ryeA",0,0,1
"2320","ryfD",0,0,1
"2321","serW",0,0,1
"2322","sibB",0,0,1
"2323","sibD",0,0,1
"2324","sokB",0,0,1
"2325","sokC",0,0,1
"2326","ssrA",0,0,1
"2327","trpL",0,0,1
"2328","trpS",0,0,1
"2329","tsaE",0,0,1
"2330","ttdB",0,0,1
"2331","ttdT",0,0,1
"2332","tyrA",0,0,1
"2333","tyrB",0,0,1
"2334","ubiI",0,0,1
"2335","umpG",0,0,1
"2336","valV",0,0,1
"2337","valW",0,0,1
"2338","waaB",0,0,1
"2339","waaJ",0,0,1
"2340","waaL",0,0,1
"2341","waaO",0,0,1
"2342","waaP",0,0,1
"2343","waaS",0,0,1
"2344","waaU",0,0,1
"2345","xapA",0,0,1
"2346","xapB",0,0,1
"2347","xerD",0,0,1
"2348","xtpA",0,0,1
"2349","yciX",0,0,1
"2350","ydfA",0,0,1
"2351","ydfB",0,0,1
"2352","ydfC",0,0,1
"2353","yebB",0,0,1
"2354","yhaV",0,0,1
"2355","yigA",0,0,1
"2356","ykgO",0,0,1
"2357","yliM",0,0,1
"2358","ymiA",0,0,1
"2359","ymiC",0,0,1
"2360","ypfN",0,0,1
"2361","yrbG",0,0,1
"2362","yrbN",0,0,1
"2363","zntA",0,0,1
"2364","bamA",0,0,1
"2365","bamB",0,0,1
"2366","bamD",0,0,1
"2367","bepA",0,0,1
"2368","der",0,0,1
"2369","dolP",0,0,1
"2370","essD",0,0,1
"2371","lpxP",0,0,1
"2372","rrrD",0,0,1
"2373","rseP",0,0,1
"2374","ydhI",0,0,1
"2375","ydhJ",0,0,1
"2376","yfgD",0,0,1
"2377","yghF",0,0,1
"2378","yicI",0,0,1
"2379","cnoX",0,0,1
"2380","hemW",0,0,1
"2381","mbiA",0,0,1
"2382","osmF",0,0,1
"2383","pncC",0,0,1
"2384","rdgB",0,0,1
"2385","rsmJ",0,0,1
"2386","yccE",0,0,1
"2387","yehR",0,0,1
"2388","yehW",0,0,1
"2389","yiaA",0,0,1
"2390","yjaZ",0,0,1
"2391","yjiT",0,0,1
"2392","yahE",0,0,1
"2393","ygfK",0,0,1
"2394","bsmA",0,0,1
"2395","insCD5",0,0,1
"2396","insD5",0,0,1
"2397","insI1",0,0,1
"2398","insN",0,0,1
"2399","rssA",0,0,1
"2400","ryjA",0,0,1
"2401","yffO",0,0,1
"2402","yffP",0,0,1
"2403","yihG",0,0,1
"2404","yqiH",0,0,1
"2405","yqiI",0,0,1
"2406","fdhE",0,0,1
"2407","zapG",0,0,1
"2408","mdtM",0,0,1
"2409","fldA",0,0,1
"2410","nepI",0,0,1
"2411","gss",0,0,1
"2412","yafL",0,0,1
"2413","yfdM",0,0,1
"2414","yfdN",0,0,1
"2415","yfdO",0,0,1
"2416","yfdP",0,0,1
"2417","yfdQ",0,0,1
"2418","ydcO",0,0,1
"2419","yagA",0,0,1
"2420","yagB",0,0,1
"2421","ybiY",0,0,1
"2422","ompG",0,0,1
"2423","ycjM",0,0,1
"2424","ycjN",0,0,1
"2425","ycjQ",0,0,1
"2426","ycjR",0,0,1
"2427","ycjS",0,0,1
"2428","ycjT",0,0,1
"2429","ycjU",0,0,1
"2430","ycjV",0,0,1
"2431","smrB",0,0,1
"2432","ftp",0,0,1
"2433","uspF",0,0,1
"2434","ygbJ",0,0,1
"2435","ygiD",0,0,1
"2436","yqjF",0,0,1
"2437","adeP",0,0,1
"2438","yiaT",0,0,1
"2439","yiaV",0,0,1
"2440","yiaW",0,0,1
"2441","ppiC",0,0,1
"2442","dauA",0,0,1
"2443","sspA",0,0,1
"2444","yjjY",0,0,1
